{"stats":{"minecraft:broken":{"minecraft:stone_axe":1,"minecraft:iron_sword":1,"minecraft:iron_pickaxe":6},"minecraft:picked_up":{"minecraft:iron_chestplate":2,"minecraft:crafting_table":8,"minecraft:redstone_block":10,"minecraft:chicken":1,"minecraft:diamond_sword":1,"minecraft:wooden_pickaxe":2,"minecraft:enchanted_book":9,"minecraft:brewing_stand":1,"minecraft:shield":2,"minecraft:lapis_block":16,"minecraft:music_disc_cat":2,"minecraft:string":31,"minecraft:iron_leggings":3,"minecraft:activator_rail":1,"minecraft:cartography_table":2,"minecraft:spruce_planks":1,"minecraft:beef":27,"minecraft:poppy":1,"minecraft:iron_pickaxe":2,"minecraft:enchanted_golden_apple":1,"minecraft:sugar_cane":45,"minecraft:furnace":8,"minecraft:egg":1,"minecraft:iron_boots":2,"minecraft:stick":13,"minecraft:oak_fence":3,"minecraft:torch":3,"minecraft:porkchop":2,"minecraft:diorite":10,"minecraft:redstone":134,"minecraft:arrow":24,"minecraft:rotten_flesh":118,"minecraft:totem_of_undying":7,"minecraft:white_terracotta":2,"minecraft:mutton":39,"minecraft:rail":11,"minecraft:white_wool":45,"minecraft:cobblestone":733,"minecraft:stripped_oak_log":4,"minecraft:birch_log":6,"minecraft:feather":2,"minecraft:cooked_beef":21,"minecraft:water_bucket":1,"minecraft:andesite":22,"minecraft:brown_wool":1,"minecraft:leather":23,"minecraft:potato":1,"minecraft:flint":1,"minecraft:oak_log":23,"minecraft:gunpowder":4,"minecraft:lapis_lazuli":170,"minecraft:dirt":11,"minecraft:bone":72,"minecraft:bow":7,"minecraft:wheat_seeds":9,"minecraft:iron_ingot":40,"minecraft:cobweb":127,"minecraft:iron_ore":703,"minecraft:iron_sword":2,"minecraft:oak_planks":16,"minecraft:sweet_berries":40,"minecraft:gravel":3,"minecraft:spruce_sapling":6,"minecraft:grass_block":1,"minecraft:spruce_log":5,"minecraft:gold_ore":68,"minecraft:spider_eye":9,"minecraft:mossy_cobblestone":1,"minecraft:diamond":8,"minecraft:iron_helmet":1,"minecraft:granite":33,"minecraft:golden_apple":13,"minecraft:gray_wool":1,"minecraft:bread":1,"minecraft:netherrack":10,"minecraft:black_wool":3,"minecraft:coal":205},"minecraft:dropped":{"minecraft:stone_hoe":1,"minecraft:bread":2,"minecraft:iron_sword":2,"minecraft:wheat_seeds":6,"minecraft:oak_fence":2,"minecraft:cobblestone":4,"minecraft:granite":6,"minecraft:activator_rail":1,"minecraft:rail":11,"minecraft:grass_block":1,"minecraft:golden_apple":6,"minecraft:stick":7,"minecraft:dirt":5,"minecraft:diorite":5,"minecraft:iron_pickaxe":1,"minecraft:string":31,"minecraft:white_wool":36,"minecraft:bucket":1,"minecraft:music_disc_cat":3,"minecraft:redstone":4,"minecraft:sugar_cane":4,"minecraft:rotten_flesh":38,"minecraft:oak_planks":3,"minecraft:name_tag":1,"minecraft:white_terracotta":1,"minecraft:flint_and_steel":1,"minecraft:poppy":1,"minecraft:potato":1,"minecraft:shield":2,"minecraft:gunpowder":2,"minecraft:spruce_planks":1,"minecraft:andesite":10,"minecraft:spider_eye":7,"minecraft:wooden_pickaxe":3,"minecraft:arrow":20,"minecraft:bow":6,"minecraft:beef":2,"minecraft:stone_pickaxe":5,"minecraft:netherrack":10},"minecraft:killed_by":{"minecraft:player":1},"minecraft:used":{"minecraft:oak_fence":1,"minecraft:flint_and_steel":1,"minecraft:chest":1,"minecraft:white_terracotta":1,"minecraft:shield":120,"minecraft:iron_sword":255,"minecraft:stone_hoe":113,"minecraft:rotten_flesh":4,"minecraft:brewing_stand":1,"minecraft:dirt":6,"minecraft:granite":3,"minecraft:lava_bucket":10,"minecraft:bookshelf":4,"minecraft:iron_axe":18,"minecraft:totem_of_undying":3,"minecraft:beef":1,"minecraft:sweet_berries":61,"minecraft:furnace":12,"minecraft:cooked_beef":22,"minecraft:cooked_mutton":26,"minecraft:water_bucket":58,"minecraft:stone_pickaxe":28,"minecraft:oak_planks":11,"minecraft:cartography_table":2,"minecraft:wooden_pickaxe":3,"minecraft:sugar_cane":3,"minecraft:golden_apple":1,"minecraft:white_wool":1,"minecraft:crafting_table":13,"minecraft:shears":72,"minecraft:bread":11,"minecraft:brown_wool":1,"minecraft:iron_pickaxe":1405,"minecraft:gravel":3,"minecraft:stone_axe":83,"minecraft:diamond_sword":69,"minecraft:cobblestone":441,"minecraft:smithing_table":1,"minecraft:bucket":69,"minecraft:cobweb":1},"minecraft:custom":{"minecraft:interact_with_smithing_table":1,"minecraft:mob_kills":161,"minecraft:interact_with_crafting_table":56,"minecraft:leave_game":5,"minecraft:time_since_death":50462,"minecraft:climb_one_cm":21148,"minecraft:sprint_one_cm":604733,"minecraft:walk_one_cm":321103,"minecraft:damage_blocked_by_shield":3975,"minecraft:drop":92,"minecraft:talked_to_villager":8,"minecraft:deaths":1,"minecraft:sneak_time":8690,"minecraft:walk_under_water_one_cm":10817,"minecraft:jump":4746,"minecraft:enchant_item":1,"minecraft:walk_on_water_one_cm":48260,"minecraft:interact_with_furnace":60,"minecraft:traded_with_villager":19,"minecraft:play_one_minute":201182,"minecraft:time_since_rest":50496,"minecraft:damage_taken":19520,"minecraft:trigger_trapped_chest":1,"minecraft:damage_dealt":24312,"minecraft:swim_one_cm":42929,"minecraft:fly_one_cm":822956,"minecraft:open_chest":50,"minecraft:crouch_one_cm":28169,"minecraft:fall_one_cm":253546},"minecraft:mined":{"minecraft:diamond_ore":4,"minecraft:mossy_cobblestone":1,"minecraft:brewing_stand":1,"minecraft:ladder":1,"minecraft:granite":41,"minecraft:grass_block":7,"minecraft:spruce_leaves":117,"minecraft:cartography_table":3,"minecraft:spawner":4,"minecraft:large_fern":1,"minecraft:redstone_ore":29,"minecraft:furnace":5,"minecraft:iron_ore":388,"minecraft:andesite":24,"minecraft:stripped_oak_log":4,"minecraft:stone":709,"minecraft:white_wool":1,"minecraft:glass_pane":4,"minecraft:crimson_nylium":1,"minecraft:crafting_table":8,"minecraft:torch":1,"minecraft:poppy":1,"minecraft:tall_grass":19,"minecraft:cobblestone":55,"minecraft:lapis_ore":26,"minecraft:sugar_cane":22,"minecraft:oak_planks":3,"minecraft:diorite":12,"minecraft:white_terracotta":1,"minecraft:birch_log":6,"minecraft:sweet_berry_bush":15,"minecraft:spruce_log":5,"minecraft:birch_leaves":1,"minecraft:yellow_stained_glass_pane":1,"minecraft:grass":40,"minecraft:oak_log":23,"minecraft:coal_ore":69,"minecraft:gravel":6,"minecraft:dirt":9,"minecraft:cobweb":72,"minecraft:netherrack":10,"minecraft:gold_ore":39,"minecraft:oak_leaves":1,"minecraft:fern":1},"minecraft:killed":{"minecraft:cave_spider":5,"minecraft:spider":13,"minecraft:horse":1,"minecraft:skeleton":31,"minecraft:pig":1,"minecraft:zombie_villager":2,"minecraft:creeper":6,"minecraft:sheep":25,"minecraft:pillager":4,"minecraft:zombie":57,"minecraft:enderman":1,"minecraft:cow":14},"minecraft:crafted":{"minecraft:oak_planks":108,"minecraft:furnace":7,"minecraft:bookshelf":4,"minecraft:flint_and_steel":1,"minecraft:cooked_mutton":26,"minecraft:iron_boots":1,"minecraft:iron_axe":1,"minecraft:stone_pickaxe":7,"minecraft:chest":2,"minecraft:redstone_block":10,"minecraft:stone_hoe":1,"minecraft:cooked_beef":11,"minecraft:diamond_sword":1,"minecraft:emerald":13,"minecraft:crafting_table":5,"minecraft:spruce_planks":20,"minecraft:wooden_pickaxe":1,"minecraft:iron_helmet":1,"minecraft:iron_sword":1,"minecraft:smithing_table":1,"minecraft:gold_block":3,"minecraft:bucket":1,"minecraft:birch_planks":24,"minecraft:stone_axe":1,"minecraft:air":0,"minecraft:book":10,"minecraft:paper":27,"minecraft:shield":2,"minecraft:stick":24,"minecraft:iron_ingot":368,"minecraft:iron_pickaxe":5,"minecraft:iron_block":38,"minecraft:gold_ingot":31,"minecraft:shears":1,"minecraft:lapis_block":8}},"DataVersion":2586}