{"stats":{"minecraft:crafted":{"minecraft:cooked_beef":6,"minecraft:oak_planks":56,"minecraft:crafting_table":2,"minecraft:spruce_planks":20,"minecraft:iron_helmet":1,"minecraft:wooden_pickaxe":1,"minecraft:furnace":4,"minecraft:birch_planks":24,"minecraft:stone_axe":1,"minecraft:flint_and_steel":1,"minecraft:cooked_mutton":26,"minecraft:air":0,"minecraft:iron_boots":1,"minecraft:shield":1,"minecraft:stick":12,"minecraft:iron_ingot":48,"minecraft:stone_pickaxe":1,"minecraft:iron_pickaxe":2,"minecraft:chest":1,"minecraft:shears":1},"minecraft:broken":{"minecraft:iron_pickaxe":2},"minecraft:picked_up":{"minecraft:birch_log":6,"minecraft:crafting_table":4,"minecraft:iron_chestplate":1,"minecraft:feather":2,"minecraft:cooked_beef":11,"minecraft:chicken":1,"minecraft:andesite":10,"minecraft:leather":10,"minecraft:brown_wool":1,"minecraft:wooden_pickaxe":2,"minecraft:potato":1,"minecraft:enchanted_book":5,"minecraft:flint":1,"minecraft:oak_log":14,"minecraft:gunpowder":4,"minecraft:lapis_lazuli":27,"minecraft:music_disc_cat":2,"minecraft:string":19,"minecraft:dirt":9,"minecraft:iron_leggings":2,"minecraft:bone":21,"minecraft:bow":6,"minecraft:wheat_seeds":2,"minecraft:spruce_planks":1,"minecraft:iron_ingot":8,"minecraft:beef":19,"minecraft:iron_ore":214,"minecraft:cobweb":60,"minecraft:sugar_cane":11,"minecraft:iron_sword":1,"minecraft:oak_planks":12,"minecraft:furnace":5,"minecraft:iron_boots":1,"minecraft:egg":1,"minecraft:sweet_berries":40,"minecraft:oak_fence":3,"minecraft:gravel":3,"minecraft:porkchop":2,"minecraft:diorite":3,"minecraft:spruce_log":5,"minecraft:grass_block":1,"minecraft:gold_ore":18,"minecraft:redstone":59,"minecraft:spider_eye":4,"minecraft:mossy_cobblestone":1,"minecraft:arrow":17,"minecraft:rotten_flesh":25,"minecraft:diamond":4,"minecraft:granite":8,"minecraft:golden_apple":1,"minecraft:totem_of_undying":3,"minecraft:gray_wool":1,"minecraft:netherrack":10,"minecraft:black_wool":3,"minecraft:mutton":33,"minecraft:coal":67,"minecraft:white_wool":41,"minecraft:cobblestone":220},"minecraft:killed":{"minecraft:cave_spider":4,"minecraft:pig":1,"minecraft:zombie_villager":2,"minecraft:spider":7,"minecraft:creeper":4,"minecraft:sheep":21,"minecraft:skeleton":23,"minecraft:pillager":4,"minecraft:zombie":29,"minecraft:enderman":1,"minecraft:cow":10},"minecraft:mined":{"minecraft:diamond_ore":4,"minecraft:mossy_cobblestone":1,"minecraft:crimson_nylium":1,"minecraft:crafting_table":4,"minecraft:granite":5,"minecraft:grass_block":2,"minecraft:tall_grass":6,"minecraft:cobblestone":19,"minecraft:spruce_leaves":4,"minecraft:lapis_ore":4,"minecraft:sugar_cane":5,"minecraft:diorite":1,"minecraft:spawner":2,"minecraft:large_fern":1,"minecraft:redstone_ore":15,"minecraft:furnace":5,"minecraft:birch_log":6,"minecraft:iron_ore":215,"minecraft:sweet_berry_bush":15,"minecraft:spruce_log":5,"minecraft:birch_leaves":1,"minecraft:andesite":8,"minecraft:grass":18,"minecraft:coal_ore":33,"minecraft:oak_log":14,"minecraft:gravel":4,"minecraft:dirt":3,"minecraft:cobweb":62,"minecraft:stone":187,"minecraft:netherrack":10,"minecraft:gold_ore":20,"minecraft:white_wool":1,"minecraft:oak_leaves":1,"minecraft:fern":1},"minecraft:dropped":{"minecraft:oak_fence":2,"minecraft:cobblestone":3,"minecraft:granite":5,"minecraft:name_tag":1,"minecraft:stick":2,"minecraft:grass_block":1,"minecraft:dirt":3,"minecraft:gunpowder":2,"minecraft:diorite":3,"minecraft:spruce_planks":1,"minecraft:andesite":10,"minecraft:spider_eye":4,"minecraft:bow":6,"minecraft:wooden_pickaxe":3,"minecraft:string":19,"minecraft:white_wool":24,"minecraft:music_disc_cat":3,"minecraft:netherrack":10},"minecraft:used":{"minecraft:cooked_mutton":18,"minecraft:oak_fence":1,"minecraft:water_bucket":31,"minecraft:flint_and_steel":1,"minecraft:stone_pickaxe":28,"minecraft:oak_planks":11,"minecraft:chest":1,"minecraft:wooden_pickaxe":3,"minecraft:shield":93,"minecraft:iron_sword":244,"minecraft:white_wool":1,"minecraft:dirt":6,"minecraft:crafting_table":5,"minecraft:granite":3,"minecraft:shears":62,"minecraft:lava_bucket":10,"minecraft:iron_pickaxe":500,"minecraft:brown_wool":1,"minecraft:gravel":3,"minecraft:stone_axe":50,"minecraft:cobblestone":174,"minecraft:sweet_berries":61,"minecraft:furnace":6,"minecraft:bucket":42,"minecraft:cooked_beef":6},"minecraft:custom":{"minecraft:interact_with_furnace":40,"minecraft:mob_kills":106,"minecraft:interact_with_crafting_table":17,"minecraft:play_one_minute":71223,"minecraft:leave_game":2,"minecraft:time_since_death":71223,"minecraft:time_since_rest":71223,"minecraft:sprint_one_cm":277348,"minecraft:damage_taken":2200,"minecraft:walk_one_cm":136423,"minecraft:damage_blocked_by_shield":2650,"minecraft:drop":39,"minecraft:damage_dealt":17180,"minecraft:swim_one_cm":12584,"minecraft:fly_one_cm":318326,"minecraft:open_chest":5,"minecraft:crouch_one_cm":10562,"minecraft:sneak_time":3189,"minecraft:walk_under_water_one_cm":3006,"minecraft:jump":2039,"minecraft:fall_one_cm":49802,"minecraft:walk_on_water_one_cm":17529}},"DataVersion":2586}