{"stats":{"minecraft:crafted":{"minecraft:oak_planks":56,"minecraft:furnace":4,"minecraft:cooked_mutton":26,"minecraft:flint_and_steel":1,"minecraft:iron_boots":1,"minecraft:stone_pickaxe":1,"minecraft:chest":1,"minecraft:cooked_beef":6,"minecraft:crafting_table":3,"minecraft:spruce_planks":20,"minecraft:wooden_pickaxe":1,"minecraft:iron_helmet":1,"minecraft:birch_planks":24,"minecraft:stone_axe":1,"minecraft:air":0,"minecraft:shield":1,"minecraft:stick":16,"minecraft:iron_ingot":48,"minecraft:iron_pickaxe":3,"minecraft:shears":1},"minecraft:used":{"minecraft:oak_fence":1,"minecraft:flint_and_steel":1,"minecraft:chest":1,"minecraft:shield":93,"minecraft:iron_sword":246,"minecraft:dirt":6,"minecraft:granite":3,"minecraft:lava_bucket":10,"minecraft:sweet_berries":61,"minecraft:furnace":6,"minecraft:cooked_beef":6,"minecraft:cooked_mutton":21,"minecraft:water_bucket":31,"minecraft:stone_pickaxe":28,"minecraft:oak_planks":11,"minecraft:wooden_pickaxe":3,"minecraft:white_wool":1,"minecraft:crafting_table":7,"minecraft:shears":72,"minecraft:brown_wool":1,"minecraft:iron_pickaxe":654,"minecraft:gravel":3,"minecraft:stone_axe":51,"minecraft:cobblestone":202,"minecraft:bucket":42},"minecraft:picked_up":{"minecraft:crafting_table":5,"minecraft:iron_chestplate":1,"minecraft:chicken":1,"minecraft:wooden_pickaxe":2,"minecraft:enchanted_book":5,"minecraft:music_disc_cat":2,"minecraft:string":26,"minecraft:iron_leggings":2,"minecraft:spruce_planks":1,"minecraft:beef":19,"minecraft:sugar_cane":11,"minecraft:egg":1,"minecraft:furnace":5,"minecraft:iron_boots":1,"minecraft:oak_fence":3,"minecraft:porkchop":2,"minecraft:diorite":3,"minecraft:redstone":59,"minecraft:arrow":17,"minecraft:rotten_flesh":50,"minecraft:totem_of_undying":3,"minecraft:mutton":33,"minecraft:white_wool":41,"minecraft:cobblestone":270,"minecraft:birch_log":6,"minecraft:feather":2,"minecraft:cooked_beef":11,"minecraft:andesite":10,"minecraft:brown_wool":1,"minecraft:leather":10,"minecraft:potato":1,"minecraft:flint":1,"minecraft:oak_log":14,"minecraft:gunpowder":4,"minecraft:lapis_lazuli":52,"minecraft:dirt":9,"minecraft:bone":21,"minecraft:bow":6,"minecraft:wheat_seeds":2,"minecraft:iron_ingot":8,"minecraft:cobweb":64,"minecraft:iron_ore":273,"minecraft:oak_planks":12,"minecraft:iron_sword":1,"minecraft:sweet_berries":40,"minecraft:gravel":3,"minecraft:grass_block":1,"minecraft:spruce_log":5,"minecraft:gold_ore":25,"minecraft:spider_eye":4,"minecraft:mossy_cobblestone":1,"minecraft:diamond":4,"minecraft:granite":8,"minecraft:golden_apple":1,"minecraft:gray_wool":1,"minecraft:netherrack":10,"minecraft:black_wool":3,"minecraft:coal":95},"minecraft:broken":{"minecraft:iron_pickaxe":2},"minecraft:mined":{"minecraft:diamond_ore":4,"minecraft:mossy_cobblestone":1,"minecraft:granite":5,"minecraft:grass_block":2,"minecraft:spruce_leaves":4,"minecraft:spawner":3,"minecraft:large_fern":1,"minecraft:redstone_ore":15,"minecraft:furnace":5,"minecraft:iron_ore":277,"minecraft:andesite":9,"minecraft:stone":236,"minecraft:white_wool":1,"minecraft:crimson_nylium":1,"minecraft:crafting_table":5,"minecraft:tall_grass":6,"minecraft:cobblestone":21,"minecraft:lapis_ore":8,"minecraft:sugar_cane":5,"minecraft:diorite":1,"minecraft:birch_log":6,"minecraft:sweet_berry_bush":15,"minecraft:spruce_log":5,"minecraft:birch_leaves":1,"minecraft:grass":18,"minecraft:oak_log":14,"minecraft:coal_ore":61,"minecraft:gravel":6,"minecraft:dirt":3,"minecraft:cobweb":72,"minecraft:netherrack":10,"minecraft:gold_ore":27,"minecraft:oak_leaves":1,"minecraft:fern":1},"minecraft:killed":{"minecraft:cave_spider":5,"minecraft:spider":7,"minecraft:skeleton":23,"minecraft:pig":1,"minecraft:zombie_villager":2,"minecraft:creeper":4,"minecraft:sheep":21,"minecraft:pillager":4,"minecraft:zombie":29,"minecraft:enderman":1,"minecraft:cow":10},"minecraft:custom":{"minecraft:mob_kills":107,"minecraft:interact_with_crafting_table":20,"minecraft:leave_game":2,"minecraft:time_since_death":79306,"minecraft:sprint_one_cm":298671,"minecraft:walk_one_cm":154114,"minecraft:damage_blocked_by_shield":2650,"minecraft:drop":46,"minecraft:sneak_time":4584,"minecraft:walk_under_water_one_cm":3006,"minecraft:jump":2103,"minecraft:walk_on_water_one_cm":17589,"minecraft:interact_with_furnace":40,"minecraft:play_one_minute":79306,"minecraft:time_since_rest":79306,"minecraft:damage_taken":2242,"minecraft:damage_dealt":17300,"minecraft:swim_one_cm":12584,"minecraft:fly_one_cm":322449,"minecraft:open_chest":8,"minecraft:crouch_one_cm":15514,"minecraft:fall_one_cm":50551},"minecraft:dropped":{"minecraft:bread":1,"minecraft:oak_fence":2,"minecraft:cobblestone":4,"minecraft:granite":5,"minecraft:grass_block":1,"minecraft:stick":4,"minecraft:dirt":3,"minecraft:diorite":3,"minecraft:string":26,"minecraft:white_wool":24,"minecraft:music_disc_cat":3,"minecraft:rotten_flesh":25,"minecraft:name_tag":1,"minecraft:flint_and_steel":1,"minecraft:potato":1,"minecraft:gunpowder":2,"minecraft:spruce_planks":1,"minecraft:andesite":10,"minecraft:spider_eye":4,"minecraft:bow":6,"minecraft:wooden_pickaxe":3,"minecraft:netherrack":10}},"DataVersion":2586}