{"stats":{"minecraft:crafted":{"minecraft:oak_planks":56,"minecraft:furnace":4,"minecraft:cooked_mutton":26,"minecraft:flint_and_steel":1,"minecraft:iron_boots":1,"minecraft:stone_pickaxe":1,"minecraft:chest":1,"minecraft:redstone_block":10,"minecraft:stone_hoe":1,"minecraft:cooked_beef":6,"minecraft:crafting_table":4,"minecraft:spruce_planks":20,"minecraft:wooden_pickaxe":1,"minecraft:iron_helmet":1,"minecraft:bucket":1,"minecraft:birch_planks":24,"minecraft:stone_axe":1,"minecraft:air":0,"minecraft:shield":2,"minecraft:stick":20,"minecraft:iron_ingot":48,"minecraft:iron_pickaxe":4,"minecraft:shears":1,"minecraft:lapis_block":8},"minecraft:picked_up":{"minecraft:crafting_table":8,"minecraft:iron_chestplate":1,"minecraft:chicken":1,"minecraft:wooden_pickaxe":2,"minecraft:enchanted_book":5,"minecraft:shield":1,"minecraft:music_disc_cat":2,"minecraft:string":27,"minecraft:iron_leggings":2,"minecraft:activator_rail":1,"minecraft:spruce_planks":1,"minecraft:beef":19,"minecraft:iron_pickaxe":1,"minecraft:sugar_cane":14,"minecraft:furnace":5,"minecraft:egg":1,"minecraft:iron_boots":1,"minecraft:stick":7,"minecraft:oak_fence":3,"minecraft:porkchop":2,"minecraft:diorite":5,"minecraft:redstone":103,"minecraft:arrow":19,"minecraft:rotten_flesh":56,"minecraft:totem_of_undying":3,"minecraft:mutton":33,"minecraft:rail":11,"minecraft:white_wool":41,"minecraft:cobblestone":437,"minecraft:birch_log":6,"minecraft:feather":2,"minecraft:cooked_beef":11,"minecraft:andesite":10,"minecraft:brown_wool":1,"minecraft:leather":10,"minecraft:potato":1,"minecraft:flint":1,"minecraft:oak_log":14,"minecraft:gunpowder":4,"minecraft:lapis_lazuli":81,"minecraft:dirt":9,"minecraft:bone":25,"minecraft:bow":6,"minecraft:wheat_seeds":2,"minecraft:iron_ingot":8,"minecraft:cobweb":64,"minecraft:iron_ore":377,"minecraft:iron_sword":1,"minecraft:oak_planks":13,"minecraft:sweet_berries":40,"minecraft:gravel":3,"minecraft:spruce_sapling":6,"minecraft:grass_block":1,"minecraft:spruce_log":5,"minecraft:gold_ore":31,"minecraft:spider_eye":5,"minecraft:mossy_cobblestone":1,"minecraft:diamond":6,"minecraft:granite":9,"minecraft:golden_apple":1,"minecraft:gray_wool":1,"minecraft:bread":1,"minecraft:netherrack":10,"minecraft:black_wool":3,"minecraft:coal":151},"minecraft:used":{"minecraft:oak_fence":1,"minecraft:flint_and_steel":1,"minecraft:chest":1,"minecraft:shield":108,"minecraft:iron_sword":255,"minecraft:stone_hoe":113,"minecraft:dirt":6,"minecraft:granite":3,"minecraft:lava_bucket":10,"minecraft:totem_of_undying":3,"minecraft:sweet_berries":61,"minecraft:furnace":6,"minecraft:cooked_beef":7,"minecraft:cooked_mutton":26,"minecraft:water_bucket":37,"minecraft:stone_pickaxe":28,"minecraft:oak_planks":11,"minecraft:wooden_pickaxe":3,"minecraft:white_wool":1,"minecraft:crafting_table":12,"minecraft:shears":72,"minecraft:bread":11,"minecraft:brown_wool":1,"minecraft:iron_pickaxe":964,"minecraft:gravel":3,"minecraft:stone_axe":83,"minecraft:cobblestone":366,"minecraft:bucket":48,"minecraft:cobweb":1},"minecraft:broken":{"minecraft:stone_axe":1,"minecraft:iron_sword":1,"minecraft:iron_pickaxe":3},"minecraft:mined":{"minecraft:diamond_ore":4,"minecraft:mossy_cobblestone":1,"minecraft:granite":11,"minecraft:grass_block":6,"minecraft:spruce_leaves":117,"minecraft:spawner":4,"minecraft:large_fern":1,"minecraft:redstone_ore":25,"minecraft:furnace":5,"minecraft:iron_ore":382,"minecraft:andesite":12,"minecraft:stone":391,"minecraft:white_wool":1,"minecraft:crimson_nylium":1,"minecraft:crafting_table":8,"minecraft:tall_grass":6,"minecraft:cobblestone":24,"minecraft:lapis_ore":13,"minecraft:sugar_cane":6,"minecraft:diorite":4,"minecraft:birch_log":6,"minecraft:sweet_berry_bush":15,"minecraft:spruce_log":5,"minecraft:birch_leaves":1,"minecraft:grass":18,"minecraft:oak_log":14,"minecraft:coal_ore":66,"minecraft:gravel":6,"minecraft:dirt":8,"minecraft:cobweb":72,"minecraft:netherrack":10,"minecraft:gold_ore":33,"minecraft:oak_leaves":1,"minecraft:fern":1},"minecraft:killed":{"minecraft:cave_spider":5,"minecraft:spider":10,"minecraft:skeleton":29,"minecraft:pig":1,"minecraft:zombie_villager":2,"minecraft:creeper":5,"minecraft:sheep":21,"minecraft:pillager":4,"minecraft:zombie":34,"minecraft:enderman":1,"minecraft:cow":10},"minecraft:custom":{"minecraft:mob_kills":123,"minecraft:interact_with_crafting_table":27,"minecraft:leave_game":3,"minecraft:time_since_death":115871,"minecraft:climb_one_cm":788,"minecraft:sprint_one_cm":432830,"minecraft:walk_one_cm":221030,"minecraft:damage_blocked_by_shield":3170,"minecraft:drop":62,"minecraft:sneak_time":6210,"minecraft:walk_under_water_one_cm":9181,"minecraft:jump":3097,"minecraft:walk_on_water_one_cm":37125,"minecraft:interact_with_furnace":40,"minecraft:play_one_minute":115871,"minecraft:time_since_rest":115871,"minecraft:damage_taken":17868,"minecraft:damage_dealt":20093,"minecraft:swim_one_cm":32828,"minecraft:fly_one_cm":462576,"minecraft:open_chest":12,"minecraft:crouch_one_cm":20459,"minecraft:fall_one_cm":213662},"minecraft:dropped":{"minecraft:stone_hoe":1,"minecraft:bread":2,"minecraft:oak_fence":2,"minecraft:cobblestone":4,"minecraft:granite":5,"minecraft:activator_rail":1,"minecraft:rail":11,"minecraft:grass_block":1,"minecraft:stick":4,"minecraft:dirt":3,"minecraft:diorite":5,"minecraft:iron_pickaxe":1,"minecraft:string":27,"minecraft:white_wool":36,"minecraft:bucket":1,"minecraft:music_disc_cat":3,"minecraft:redstone":4,"minecraft:sugar_cane":3,"minecraft:rotten_flesh":25,"minecraft:name_tag":1,"minecraft:flint_and_steel":1,"minecraft:potato":1,"minecraft:shield":2,"minecraft:gunpowder":2,"minecraft:spruce_planks":1,"minecraft:andesite":10,"minecraft:spider_eye":4,"minecraft:arrow":18,"minecraft:bow":6,"minecraft:wooden_pickaxe":3,"minecraft:netherrack":10}},"DataVersion":2586}