{"stats":{"minecraft:crafted":{"minecraft:oak_planks":56,"minecraft:furnace":4,"minecraft:cooked_mutton":26,"minecraft:flint_and_steel":1,"minecraft:iron_boots":1,"minecraft:stone_pickaxe":1,"minecraft:chest":1,"minecraft:redstone_block":10,"minecraft:cooked_beef":6,"minecraft:crafting_table":3,"minecraft:spruce_planks":20,"minecraft:wooden_pickaxe":1,"minecraft:iron_helmet":1,"minecraft:birch_planks":24,"minecraft:stone_axe":1,"minecraft:air":0,"minecraft:shield":2,"minecraft:stick":20,"minecraft:iron_ingot":48,"minecraft:iron_pickaxe":4,"minecraft:shears":1},"minecraft:used":{"minecraft:oak_fence":1,"minecraft:flint_and_steel":1,"minecraft:chest":1,"minecraft:shield":97,"minecraft:iron_sword":255,"minecraft:dirt":6,"minecraft:granite":3,"minecraft:lava_bucket":10,"minecraft:totem_of_undying":1,"minecraft:sweet_berries":61,"minecraft:furnace":6,"minecraft:cooked_beef":6,"minecraft:cooked_mutton":26,"minecraft:water_bucket":34,"minecraft:stone_pickaxe":28,"minecraft:oak_planks":11,"minecraft:wooden_pickaxe":3,"minecraft:white_wool":1,"minecraft:crafting_table":9,"minecraft:shears":72,"minecraft:bread":2,"minecraft:brown_wool":1,"minecraft:iron_pickaxe":755,"minecraft:gravel":3,"minecraft:stone_axe":62,"minecraft:cobblestone":252,"minecraft:bucket":44},"minecraft:picked_up":{"minecraft:crafting_table":7,"minecraft:iron_chestplate":1,"minecraft:chicken":1,"minecraft:wooden_pickaxe":2,"minecraft:enchanted_book":5,"minecraft:shield":1,"minecraft:music_disc_cat":2,"minecraft:string":26,"minecraft:iron_leggings":2,"minecraft:activator_rail":1,"minecraft:spruce_planks":1,"minecraft:beef":19,"minecraft:sugar_cane":11,"minecraft:egg":1,"minecraft:furnace":5,"minecraft:iron_boots":1,"minecraft:oak_fence":3,"minecraft:porkchop":2,"minecraft:diorite":3,"minecraft:redstone":89,"minecraft:arrow":19,"minecraft:rotten_flesh":53,"minecraft:totem_of_undying":3,"minecraft:mutton":33,"minecraft:rail":11,"minecraft:white_wool":41,"minecraft:cobblestone":310,"minecraft:birch_log":6,"minecraft:feather":2,"minecraft:cooked_beef":11,"minecraft:andesite":10,"minecraft:brown_wool":1,"minecraft:leather":10,"minecraft:potato":1,"minecraft:flint":1,"minecraft:oak_log":14,"minecraft:gunpowder":4,"minecraft:lapis_lazuli":52,"minecraft:dirt":9,"minecraft:bone":25,"minecraft:bow":6,"minecraft:wheat_seeds":2,"minecraft:iron_ingot":8,"minecraft:cobweb":64,"minecraft:iron_ore":326,"minecraft:oak_planks":13,"minecraft:iron_sword":1,"minecraft:sweet_berries":40,"minecraft:gravel":3,"minecraft:grass_block":1,"minecraft:spruce_log":5,"minecraft:gold_ore":28,"minecraft:spider_eye":4,"minecraft:mossy_cobblestone":1,"minecraft:diamond":4,"minecraft:granite":8,"minecraft:golden_apple":1,"minecraft:gray_wool":1,"minecraft:netherrack":10,"minecraft:black_wool":3,"minecraft:coal":150},"minecraft:broken":{"minecraft:iron_sword":1,"minecraft:iron_pickaxe":3},"minecraft:mined":{"minecraft:diamond_ore":4,"minecraft:mossy_cobblestone":1,"minecraft:granite":6,"minecraft:grass_block":2,"minecraft:spruce_leaves":4,"minecraft:spawner":3,"minecraft:large_fern":1,"minecraft:redstone_ore":22,"minecraft:furnace":5,"minecraft:iron_ore":328,"minecraft:andesite":9,"minecraft:stone":269,"minecraft:white_wool":1,"minecraft:crimson_nylium":1,"minecraft:crafting_table":7,"minecraft:tall_grass":6,"minecraft:cobblestone":23,"minecraft:lapis_ore":8,"minecraft:sugar_cane":5,"minecraft:diorite":1,"minecraft:birch_log":6,"minecraft:sweet_berry_bush":15,"minecraft:spruce_log":5,"minecraft:birch_leaves":1,"minecraft:grass":18,"minecraft:oak_log":14,"minecraft:coal_ore":65,"minecraft:gravel":6,"minecraft:dirt":3,"minecraft:cobweb":72,"minecraft:netherrack":10,"minecraft:gold_ore":30,"minecraft:oak_leaves":1,"minecraft:fern":1},"minecraft:killed":{"minecraft:cave_spider":5,"minecraft:spider":8,"minecraft:skeleton":26,"minecraft:pig":1,"minecraft:zombie_villager":2,"minecraft:creeper":4,"minecraft:sheep":21,"minecraft:pillager":4,"minecraft:zombie":32,"minecraft:enderman":1,"minecraft:cow":10},"minecraft:custom":{"minecraft:mob_kills":114,"minecraft:interact_with_crafting_table":24,"minecraft:leave_game":2,"minecraft:time_since_death":91306,"minecraft:sprint_one_cm":344161,"minecraft:walk_one_cm":175166,"minecraft:damage_blocked_by_shield":2740,"minecraft:drop":52,"minecraft:sneak_time":5372,"minecraft:walk_under_water_one_cm":7073,"minecraft:jump":2309,"minecraft:walk_on_water_one_cm":29605,"minecraft:interact_with_furnace":40,"minecraft:play_one_minute":91306,"minecraft:time_since_rest":91306,"minecraft:damage_taken":3010,"minecraft:damage_dealt":18558,"minecraft:swim_one_cm":27186,"minecraft:fly_one_cm":334614,"minecraft:open_chest":8,"minecraft:crouch_one_cm":17924,"minecraft:fall_one_cm":53060},"minecraft:dropped":{"minecraft:bread":1,"minecraft:oak_fence":2,"minecraft:cobblestone":4,"minecraft:granite":5,"minecraft:activator_rail":1,"minecraft:rail":11,"minecraft:grass_block":1,"minecraft:stick":4,"minecraft:dirt":3,"minecraft:diorite":3,"minecraft:string":26,"minecraft:white_wool":24,"minecraft:music_disc_cat":3,"minecraft:redstone":4,"minecraft:rotten_flesh":25,"minecraft:name_tag":1,"minecraft:flint_and_steel":1,"minecraft:potato":1,"minecraft:shield":2,"minecraft:gunpowder":2,"minecraft:spruce_planks":1,"minecraft:andesite":10,"minecraft:spider_eye":4,"minecraft:bow":6,"minecraft:wooden_pickaxe":3,"minecraft:netherrack":10}},"DataVersion":2586}