{"stats":{"minecraft:crafted":{"minecraft:wooden_sword":4,"minecraft:oak_planks":112,"minecraft:diamond_sword":1,"minecraft:diamond_axe":1,"minecraft:crafting_table":1,"minecraft:wooden_pickaxe":1,"minecraft:diamond_shovel":1,"minecraft:birch_planks":56,"minecraft:stone_axe":1,"minecraft:diamond_helmet":1,"minecraft:diamond_leggings":1,"minecraft:diamond_pickaxe":1,"minecraft:shield":1,"minecraft:stick":16,"minecraft:iron_ingot":9,"minecraft:wooden_axe":1,"minecraft:diamond_boots":1,"minecraft:diamond_chestplate":1},"minecraft:killed_by":{"minecraft:ravager":1},"minecraft:used":{"minecraft:birch_planks":48,"minecraft:diamond_hoe":37,"minecraft:oak_planks":23,"minecraft:shield":2,"minecraft:wooden_pickaxe":11,"minecraft:stone":129,"minecraft:diamond_axe":6,"minecraft:dirt":56,"minecraft:sand":46,"minecraft:crafting_table":2,"minecraft:snowball":6,"minecraft:packed_ice":95,"minecraft:wooden_axe":59,"minecraft:diamond_pickaxe":115,"minecraft:diamond_shovel":78,"minecraft:iron_axe":2,"minecraft:grass_block":447,"minecraft:diamond_sword":17,"minecraft:wooden_sword":115,"minecraft:cobblestone":8,"minecraft:oak_sapling":2,"minecraft:cooked_porkchop":16},"minecraft:picked_up":{"minecraft:birch_log":14,"minecraft:crafting_table":2,"minecraft:feather":5,"minecraft:chicken":4,"minecraft:golden_carrot":64,"minecraft:salmon":1,"minecraft:packed_ice":112,"minecraft:potato":1,"minecraft:birch_planks":6,"minecraft:oak_log":28,"minecraft:gunpowder":5,"minecraft:lapis_lazuli":128,"minecraft:dirt":67,"minecraft:iron_axe":1,"minecraft:kelp":19,"minecraft:wheat_seeds":1,"minecraft:music_disc_far":1,"minecraft:birch_sapling":2,"minecraft:oak_planks":1,"minecraft:diamond_hoe":1,"minecraft:stick":5,"minecraft:stone":193,"minecraft:cooked_porkchop":32,"minecraft:torch":3,"minecraft:gravel":12,"minecraft:sand":257,"minecraft:grass_block":124,"minecraft:diamond":64,"minecraft:scute":1,"minecraft:iron_block":127,"minecraft:oak_sapling":2,"minecraft:snowball":6,"minecraft:cobblestone":17,"minecraft:oxeye_daisy":4},"minecraft:broken":{"minecraft:wooden_sword":1,"minecraft:wooden_axe":1},"minecraft:mined":{"minecraft:kelp_plant":1,"minecraft:crafting_table":1,"minecraft:torch":3,"minecraft:grass_block":12,"minecraft:oak_planks":1,"minecraft:kelp":3,"minecraft:birch_planks":6,"minecraft:grass":1,"minecraft:oak_log":29,"minecraft:sand":75,"minecraft:dirt":4,"minecraft:packed_ice":155,"minecraft:stone":13,"minecraft:oak_leaves":7},"minecraft:killed":{"minecraft:salmon":1,"minecraft:skeleton":1,"minecraft:zombie":67,"minecraft:chicken":4},"minecraft:custom":{"minecraft:mob_kills":73,"minecraft:inspect_hopper":4,"minecraft:interact_with_crafting_table":10,"minecraft:play_one_minute":70943,"minecraft:interact_with_grindstone":1,"minecraft:time_since_death":67029,"minecraft:time_since_rest":67080,"minecraft:sprint_one_cm":172467,"minecraft:damage_taken":1434,"minecraft:walk_one_cm":229569,"minecraft:damage_blocked_by_shield":90,"minecraft:trigger_trapped_chest":3,"minecraft:drop":217,"minecraft:damage_dealt":4250,"minecraft:swim_one_cm":72695,"minecraft:fly_one_cm":298051,"minecraft:open_chest":34,"minecraft:crouch_one_cm":31428,"minecraft:deaths":1,"minecraft:sneak_time":7736,"minecraft:walk_under_water_one_cm":15845,"minecraft:jump":1143,"minecraft:walk_on_water_one_cm":15539,"minecraft:enchant_item":9,"minecraft:fall_one_cm":17142},"minecraft:dropped":{"minecraft:gravel":12,"minecraft:stone_axe":1,"minecraft:kelp":19,"minecraft:wheat_seeds":1,"minecraft:birch_sapling":2,"minecraft:feather":5,"minecraft:cobblestone":3,"minecraft:scute":1,"minecraft:salmon":1,"minecraft:oxeye_daisy":4,"minecraft:iron_block":63,"minecraft:gunpowder":5,"minecraft:wooden_sword":3,"minecraft:sand":211,"minecraft:wooden_pickaxe":1}},"DataVersion":2586}