{"stats":{"minecraft:crafted":{"minecraft:wooden_sword":4,"minecraft:oak_planks":112,"minecraft:diamond_helmet":1,"minecraft:diamond_leggings":1,"minecraft:crafting_table":1,"minecraft:stick":8,"minecraft:wooden_pickaxe":1,"minecraft:wooden_axe":1,"minecraft:diamond_boots":1,"minecraft:stone_axe":1,"minecraft:diamond_chestplate":1},"minecraft:killed_by":{"minecraft:ravager":1},"minecraft:used":{"minecraft:wooden_axe":59,"minecraft:iron_axe":2,"minecraft:oak_planks":23,"minecraft:wooden_pickaxe":11,"minecraft:wooden_sword":115,"minecraft:crafting_table":2,"minecraft:oak_sapling":1,"minecraft:cooked_porkchop":12,"minecraft:snowball":6},"minecraft:picked_up":{"minecraft:chicken":4,"minecraft:stick":2,"minecraft:crafting_table":1,"minecraft:feather":5,"minecraft:cooked_porkchop":32,"minecraft:salmon":1,"minecraft:oak_log":28,"minecraft:iron_axe":1,"minecraft:diamond":64,"minecraft:kelp":3,"minecraft:oak_sapling":1,"minecraft:oak_planks":1,"minecraft:snowball":6,"minecraft:cobblestone":11},"minecraft:broken":{"minecraft:wooden_axe":1,"minecraft:wooden_sword":1},"minecraft:mined":{"minecraft:kelp_plant":1,"minecraft:crafting_table":1,"minecraft:grass":1,"minecraft:oak_log":29,"minecraft:packed_ice":42,"minecraft:stone":11,"minecraft:oak_planks":1,"minecraft:oak_leaves":7},"minecraft:killed":{"minecraft:zombie":59,"minecraft:chicken":4,"minecraft:salmon":1},"minecraft:custom":{"minecraft:time_since_rest":31080,"minecraft:sprint_one_cm":78151,"minecraft:damage_taken":1305,"minecraft:walk_one_cm":87256,"minecraft:trigger_trapped_chest":3,"minecraft:mob_kills":64,"minecraft:drop":9,"minecraft:inspect_hopper":4,"minecraft:damage_dealt":3551,"minecraft:swim_one_cm":70990,"minecraft:interact_with_crafting_table":7,"minecraft:fly_one_cm":155155,"minecraft:open_chest":28,"minecraft:crouch_one_cm":9790,"minecraft:play_one_minute":34943,"minecraft:deaths":1,"minecraft:sneak_time":3365,"minecraft:walk_under_water_one_cm":9456,"minecraft:jump":640,"minecraft:walk_on_water_one_cm":7709,"minecraft:time_since_death":31029,"minecraft:fall_one_cm":14307},"minecraft:dropped":{"minecraft:kelp":3,"minecraft:feather":5,"minecraft:wooden_sword":1}},"DataVersion":2586}