{"stats":{"minecraft:crafted":{"minecraft:wooden_sword":4,"minecraft:oak_planks":76,"minecraft:crafting_table":1,"minecraft:stick":4,"minecraft:wooden_axe":1},"minecraft:killed_by":{"minecraft:ravager":1},"minecraft:used":{"minecraft:wooden_axe":59,"minecraft:iron_axe":2,"minecraft:oak_planks":23,"minecraft:wooden_sword":90,"minecraft:crafting_table":2,"minecraft:oak_sapling":1,"minecraft:cooked_porkchop":8},"minecraft:picked_up":{"minecraft:stick":2,"minecraft:crafting_table":1,"minecraft:cooked_porkchop":32,"minecraft:oak_log":28,"minecraft:iron_axe":1,"minecraft:oak_sapling":1,"minecraft:oak_planks":1},"minecraft:broken":{"minecraft:wooden_axe":1,"minecraft:wooden_sword":1},"minecraft:mined":{"minecraft:crafting_table":1,"minecraft:grass":1,"minecraft:oak_log":29,"minecraft:packed_ice":42,"minecraft:oak_planks":1,"minecraft:oak_leaves":7},"minecraft:killed":{"minecraft:zombie":48},"minecraft:custom":{"minecraft:time_since_rest":19080,"minecraft:sprint_one_cm":55359,"minecraft:damage_taken":1035,"minecraft:walk_one_cm":67811,"minecraft:trigger_trapped_chest":3,"minecraft:mob_kills":48,"minecraft:drop":1,"minecraft:inspect_hopper":4,"minecraft:damage_dealt":2742,"minecraft:swim_one_cm":18145,"minecraft:interact_with_crafting_table":4,"minecraft:fly_one_cm":99675,"minecraft:open_chest":26,"minecraft:crouch_one_cm":8368,"minecraft:play_one_minute":22943,"minecraft:deaths":1,"minecraft:sneak_time":3007,"minecraft:walk_under_water_one_cm":2987,"minecraft:jump":447,"minecraft:walk_on_water_one_cm":2848,"minecraft:time_since_death":19029,"minecraft:fall_one_cm":10787},"minecraft:dropped":{"minecraft:wooden_sword":1}},"DataVersion":2586}