{"stats":{"minecraft:crafted":{"minecraft:wooden_sword":4,"minecraft:oak_planks":112,"minecraft:diamond_sword":1,"minecraft:diamond_axe":1,"minecraft:crafting_table":1,"minecraft:wooden_pickaxe":1,"minecraft:diamond_shovel":1,"minecraft:birch_planks":56,"minecraft:stone_axe":1,"minecraft:diamond_helmet":1,"minecraft:diamond_leggings":1,"minecraft:diamond_pickaxe":1,"minecraft:shield":1,"minecraft:stick":16,"minecraft:iron_ingot":9,"minecraft:wooden_axe":1,"minecraft:diamond_boots":1,"minecraft:diamond_chestplate":1},"minecraft:killed_by":{"minecraft:ravager":1},"minecraft:used":{"minecraft:birch_planks":1,"minecraft:diamond_hoe":25,"minecraft:oak_planks":23,"minecraft:wooden_pickaxe":11,"minecraft:dirt":56,"minecraft:sand":46,"minecraft:crafting_table":2,"minecraft:snowball":6,"minecraft:wooden_axe":59,"minecraft:diamond_shovel":78,"minecraft:iron_axe":2,"minecraft:grass_block":447,"minecraft:diamond_sword":11,"minecraft:wooden_sword":115,"minecraft:cobblestone":8,"minecraft:oak_sapling":2,"minecraft:cooked_porkchop":15},"minecraft:picked_up":{"minecraft:birch_log":14,"minecraft:crafting_table":1,"minecraft:feather":5,"minecraft:chicken":4,"minecraft:golden_carrot":64,"minecraft:salmon":1,"minecraft:oak_log":28,"minecraft:gunpowder":5,"minecraft:lapis_lazuli":128,"minecraft:dirt":67,"minecraft:iron_axe":1,"minecraft:kelp":19,"minecraft:wheat_seeds":1,"minecraft:birch_sapling":2,"minecraft:oak_planks":1,"minecraft:diamond_hoe":1,"minecraft:stick":5,"minecraft:cooked_porkchop":32,"minecraft:gravel":12,"minecraft:sand":251,"minecraft:grass_block":124,"minecraft:diamond":64,"minecraft:scute":1,"minecraft:iron_block":127,"minecraft:oak_sapling":2,"minecraft:snowball":6,"minecraft:cobblestone":17,"minecraft:oxeye_daisy":4},"minecraft:broken":{"minecraft:wooden_sword":1,"minecraft:wooden_axe":1},"minecraft:mined":{"minecraft:kelp_plant":1,"minecraft:crafting_table":1,"minecraft:grass_block":12,"minecraft:oak_planks":1,"minecraft:kelp":3,"minecraft:grass":1,"minecraft:oak_log":29,"minecraft:sand":75,"minecraft:dirt":4,"minecraft:packed_ice":42,"minecraft:stone":11,"minecraft:oak_leaves":7},"minecraft:killed":{"minecraft:salmon":1,"minecraft:skeleton":1,"minecraft:zombie":67,"minecraft:chicken":4},"minecraft:custom":{"minecraft:mob_kills":73,"minecraft:inspect_hopper":4,"minecraft:interact_with_crafting_table":10,"minecraft:play_one_minute":58943,"minecraft:time_since_death":55029,"minecraft:time_since_rest":55080,"minecraft:sprint_one_cm":145365,"minecraft:damage_taken":1345,"minecraft:walk_one_cm":166747,"minecraft:trigger_trapped_chest":3,"minecraft:drop":154,"minecraft:damage_dealt":3980,"minecraft:swim_one_cm":71488,"minecraft:fly_one_cm":263120,"minecraft:open_chest":34,"minecraft:crouch_one_cm":24417,"minecraft:deaths":1,"minecraft:sneak_time":6233,"minecraft:walk_under_water_one_cm":13268,"minecraft:jump":1001,"minecraft:walk_on_water_one_cm":15192,"minecraft:enchant_item":8,"minecraft:fall_one_cm":15770},"minecraft:dropped":{"minecraft:gravel":12,"minecraft:stone_axe":1,"minecraft:kelp":19,"minecraft:wheat_seeds":1,"minecraft:birch_sapling":2,"minecraft:feather":5,"minecraft:cobblestone":3,"minecraft:scute":1,"minecraft:salmon":1,"minecraft:oxeye_daisy":4,"minecraft:iron_block":63,"minecraft:gunpowder":5,"minecraft:wooden_sword":3,"minecraft:sand":148,"minecraft:wooden_pickaxe":1}},"DataVersion":2586}