{"stats":{"minecraft:crafted":{"minecraft:wooden_sword":4,"minecraft:oak_planks":112,"minecraft:diamond_sword":1,"minecraft:diamond_axe":1,"minecraft:crafting_table":1,"minecraft:wooden_pickaxe":1,"minecraft:diamond_shovel":1,"minecraft:birch_planks":56,"minecraft:stone_axe":1,"minecraft:diamond_helmet":1,"minecraft:diamond_leggings":1,"minecraft:diamond_pickaxe":1,"minecraft:shield":1,"minecraft:stick":16,"minecraft:iron_ingot":9,"minecraft:wooden_axe":1,"minecraft:chest":1,"minecraft:diamond_boots":1,"minecraft:diamond_chestplate":1},"minecraft:killed_by":{"minecraft:ravager":1},"minecraft:used":{"minecraft:birch_planks":48,"minecraft:diamond_hoe":37,"minecraft:oak_planks":29,"minecraft:chest":1,"minecraft:shield":2,"minecraft:wooden_pickaxe":11,"minecraft:sandstone":2,"minecraft:stone":147,"minecraft:diamond_axe":30,"minecraft:torch":7,"minecraft:dirt":56,"minecraft:sand":46,"minecraft:crafting_table":3,"minecraft:snowball":6,"minecraft:packed_ice":140,"minecraft:wooden_axe":59,"minecraft:diamond_pickaxe":166,"minecraft:diamond_shovel":78,"minecraft:iron_axe":2,"minecraft:grass_block":468,"minecraft:stone_brick_stairs":3,"minecraft:glowstone":22,"minecraft:diamond_sword":54,"minecraft:wooden_sword":115,"minecraft:cobblestone":9,"minecraft:oak_sapling":2,"minecraft:cooked_porkchop":18,"minecraft:kelp":3},"minecraft:picked_up":{"minecraft:birch_log":14,"minecraft:crafting_table":2,"minecraft:feather":5,"minecraft:chicken":8,"minecraft:golden_carrot":65,"minecraft:salmon":1,"minecraft:packed_ice":145,"minecraft:potato":1,"minecraft:birch_planks":13,"minecraft:enchanted_book":9,"minecraft:stone_brick_stairs":3,"minecraft:oak_log":28,"minecraft:gunpowder":5,"minecraft:lapis_lazuli":128,"minecraft:dirt":67,"minecraft:iron_axe":1,"minecraft:bone":4,"minecraft:kelp":31,"minecraft:wheat_seeds":1,"minecraft:music_disc_far":1,"minecraft:birch_sapling":2,"minecraft:oak_planks":14,"minecraft:diamond_hoe":1,"minecraft:sandstone":2,"minecraft:stick":5,"minecraft:stone":262,"minecraft:cooked_porkchop":33,"minecraft:torch":7,"minecraft:gravel":12,"minecraft:sand":257,"minecraft:grass_block":124,"minecraft:arrow":5,"minecraft:diamond":64,"minecraft:scute":1,"minecraft:iron_block":127,"minecraft:glowstone":194,"minecraft:oak_sapling":2,"minecraft:snowball":6,"minecraft:cobblestone":19,"minecraft:oxeye_daisy":4},"minecraft:broken":{"minecraft:wooden_sword":1,"minecraft:wooden_axe":1},"minecraft:mined":{"minecraft:kelp_plant":2,"minecraft:crafting_table":1,"minecraft:torch":6,"minecraft:grass_block":12,"minecraft:cobblestone":1,"minecraft:oak_planks":17,"minecraft:kelp":4,"minecraft:sandstone":4,"minecraft:birch_planks":13,"minecraft:glowstone":2,"minecraft:stone_brick_stairs":1,"minecraft:grass":1,"minecraft:oak_log":29,"minecraft:sand":75,"minecraft:dirt":4,"minecraft:packed_ice":187,"minecraft:stone":23,"minecraft:oak_leaves":7},"minecraft:killed":{"minecraft:salmon":1,"minecraft:skeleton":2,"minecraft:zombie":99,"minecraft:chicken":4},"minecraft:custom":{"minecraft:interact_with_anvil":4,"minecraft:mob_kills":106,"minecraft:inspect_hopper":4,"minecraft:interact_with_crafting_table":11,"minecraft:play_one_minute":94943,"minecraft:interact_with_grindstone":1,"minecraft:time_since_death":91029,"minecraft:time_since_rest":91080,"minecraft:sprint_one_cm":209602,"minecraft:damage_taken":1514,"minecraft:walk_one_cm":304084,"minecraft:damage_blocked_by_shield":90,"minecraft:trigger_trapped_chest":3,"minecraft:drop":237,"minecraft:damage_dealt":6030,"minecraft:swim_one_cm":83551,"minecraft:fly_one_cm":362144,"minecraft:open_chest":39,"minecraft:crouch_one_cm":39869,"minecraft:deaths":1,"minecraft:sneak_time":10175,"minecraft:walk_under_water_one_cm":29267,"minecraft:jump":1378,"minecraft:walk_on_water_one_cm":36802,"minecraft:enchant_item":9,"minecraft:fall_one_cm":18804},"minecraft:dropped":{"minecraft:gravel":12,"minecraft:stone_axe":1,"minecraft:kelp":23,"minecraft:wheat_seeds":1,"minecraft:cooked_porkchop":1,"minecraft:birch_sapling":2,"minecraft:chicken":4,"minecraft:feather":5,"minecraft:cobblestone":6,"minecraft:oak_planks":1,"minecraft:scute":1,"minecraft:music_disc_far":1,"minecraft:salmon":1,"minecraft:oxeye_daisy":4,"minecraft:potato":1,"minecraft:iron_block":63,"minecraft:golden_carrot":1,"minecraft:packed_ice":1,"minecraft:gunpowder":5,"minecraft:wooden_sword":3,"minecraft:sand":211,"minecraft:arrow":1,"minecraft:wooden_pickaxe":1,"minecraft:bone":2}},"DataVersion":2586}