{"stats":{"minecraft:crafted":{"minecraft:furnace":1,"minecraft:oak_planks":40,"minecraft:crafting_table":1,"minecraft:stick":4,"minecraft:stone_pickaxe":2,"minecraft:wooden_pickaxe":1},"minecraft:dropped":{"minecraft:dirt":9,"minecraft:sandstone":5},"minecraft:picked_up":{"minecraft:sandstone":5,"minecraft:stick":14,"minecraft:oak_log":10,"minecraft:dirt":9,"minecraft:cobblestone":23},"minecraft:used":{"minecraft:crafting_table":1,"minecraft:wooden_pickaxe":34},"minecraft:mined":{"minecraft:grass_block":3,"minecraft:oak_log":10,"minecraft:dead_bush":8,"minecraft:dirt":6,"minecraft:stone":23,"minecraft:sandstone":5},"minecraft:custom":{"minecraft:time_since_rest":5869,"minecraft:walk_one_cm":14997,"minecraft:crouch_one_cm":196,"minecraft:play_time":8222,"minecraft:sprint_one_cm":13620,"minecraft:damage_taken":280,"minecraft:deaths":1,"minecraft:sneak_time":575,"minecraft:walk_under_water_one_cm":6093,"minecraft:mob_kills":1,"minecraft:drop":14,"minecraft:jump":197,"minecraft:damage_dealt":187,"minecraft:leave_game":1,"minecraft:time_since_death":5838,"minecraft:walk_on_water_one_cm":745,"minecraft:total_world_time":8222,"minecraft:swim_one_cm":13159,"minecraft:interact_with_crafting_table":2,"minecraft:fall_one_cm":5041,"minecraft:fly_one_cm":42172},"minecraft:killed":{"minecraft:spider":1}},"DataVersion":3578}