{"stats":{"minecraft:crafted":{"minecraft:furnace":1,"minecraft:bone_meal":9,"minecraft:cooked_mutton":4,"minecraft:flint_and_steel":1,"minecraft:iron_boots":1,"minecraft:stone_pickaxe":1,"minecraft:spruce_boat":1,"minecraft:golden_boots":1,"minecraft:wheat":9,"minecraft:smoker":1,"minecraft:cooked_beef":7,"minecraft:cooked_porkchop":6,"minecraft:crafting_table":3,"minecraft:spruce_planks":104,"minecraft:iron_helmet":2,"minecraft:wooden_pickaxe":1,"minecraft:baked_potato":6,"minecraft:iron_sword":1,"minecraft:bucket":1,"minecraft:stone_axe":1,"minecraft:bread":6,"minecraft:air":0,"minecraft:spruce_trapdoor":2,"minecraft:iron_chestplate":2,"minecraft:stick":20,"minecraft:iron_ingot":25,"minecraft:iron_pickaxe":1,"minecraft:gold_ingot":16,"minecraft:iron_leggings":2,"minecraft:torch":12,"minecraft:diorite_slab":6},"minecraft:killed_by":{"minecraft:player":7},"minecraft:picked_up":{"minecraft:crafting_table":3,"minecraft:wheat":11,"minecraft:diorite_slab":1,"minecraft:string":26,"minecraft:spruce_planks":2,"minecraft:beef":14,"minecraft:light_gray_wool":1,"minecraft:sugar_cane":16,"minecraft:spruce_trapdoor":3,"minecraft:stick":8,"minecraft:composter":1,"minecraft:torch":3,"minecraft:porkchop":11,"minecraft:diorite":15,"minecraft:warped_button":5,"minecraft:carrot":5,"minecraft:zombie_spawn_egg":5,"minecraft:arrow":2,"minecraft:rotten_flesh":4,"minecraft:hay_block":2,"minecraft:totem_of_undying":1,"minecraft:mutton":4,"minecraft:cobblestone":142,"minecraft:white_wool":2,"minecraft:iron_door":1,"minecraft:water_bucket":24,"minecraft:andesite":14,"minecraft:leather":5,"minecraft:fern":1,"minecraft:smoker":2,"minecraft:potato":4,"minecraft:flint":2,"minecraft:gunpowder":2,"minecraft:blue_bed":3,"minecraft:dirt":20,"minecraft:bone":3,"minecraft:kelp":4,"minecraft:orange_tulip":1,"minecraft:wheat_seeds":40,"minecraft:grindstone":2,"minecraft:iron_ingot":32,"minecraft:cobweb":1,"minecraft:iron_ore":28,"minecraft:sweet_berries":54,"minecraft:sand":14,"minecraft:gravel":12,"minecraft:stripped_spruce_log":4,"minecraft:spruce_sapling":2,"minecraft:blast_furnace":2,"minecraft:spruce_log":14,"minecraft:gold_ore":1,"minecraft:spider_eye":3,"minecraft:pumpkin_seeds":2,"minecraft:spruce_boat":1,"minecraft:lever":1,"minecraft:granite":5,"minecraft:netherrack":3,"minecraft:coal":132},"minecraft:killed":{"minecraft:cave_spider":7,"minecraft:spider":1,"minecraft:skeleton":3,"minecraft:pig":7,"minecraft:sheep":3,"minecraft:zombie":2,"minecraft:cow":8},"minecraft:mined":{"minecraft:spruce_trapdoor":3,"minecraft:granite":5,"minecraft:grass_block":1,"minecraft:spruce_leaves":20,"minecraft:composter":1,"minecraft:spawner":1,"minecraft:large_fern":5,"minecraft:hay_block":2,"minecraft:diorite_slab":1,"minecraft:iron_ore":8,"minecraft:andesite":11,"minecraft:stripped_spruce_log":4,"minecraft:potatoes":3,"minecraft:packed_ice":6,"minecraft:stone":129,"minecraft:smoker":1,"minecraft:oak_fence":2,"minecraft:crafting_table":3,"minecraft:torch":3,"minecraft:blast_furnace":2,"minecraft:cobblestone":12,"minecraft:sugar_cane":6,"minecraft:grindstone":2,"minecraft:oak_planks":1,"minecraft:diorite":9,"minecraft:blue_bed":4,"minecraft:sweet_berry_bush":25,"minecraft:wheat":19,"minecraft:spruce_log":14,"minecraft:pumpkin_stem":5,"minecraft:grass":4,"minecraft:coal_ore":24,"minecraft:gravel":3,"minecraft:dirt":8,"minecraft:cobweb":3,"minecraft:fern":2},"minecraft:used":{"minecraft:spruce_planks":6,"minecraft:chest":27,"minecraft:zombie_spawn_egg":2,"minecraft:stone":66,"minecraft:iron_sword":42,"minecraft:netherrack":3,"minecraft:torch":15,"minecraft:dirt":37,"minecraft:anvil":1,"minecraft:blue_stained_glass":8,"minecraft:yellow_carpet":158,"minecraft:granite":25,"minecraft:spruce_boat":2,"minecraft:dark_oak_planks":213,"minecraft:packed_ice":243,"minecraft:lava_bucket":8,"minecraft:grass_block":377,"minecraft:item_frame":1,"minecraft:bedrock":120,"minecraft:light_gray_wool":1,"minecraft:beef":2,"minecraft:dark_oak_boat":4,"minecraft:hay_block":6,"minecraft:sweet_berries":12,"minecraft:wolf_spawn_egg":32,"minecraft:cooked_beef":1,"minecraft:zombified_piglin_spawn_egg":6,"minecraft:turtle_egg":1,"minecraft:water_bucket":11,"minecraft:diorite":4,"minecraft:elder_guardian_spawn_egg":11,"minecraft:dark_oak_sign":1,"minecraft:stone_pickaxe":131,"minecraft:baked_potato":6,"minecraft:wooden_pickaxe":3,"minecraft:diamond_axe":4,"minecraft:sugar_cane":26,"minecraft:blue_bed":1,"minecraft:vindicator_spawn_egg":11,"minecraft:sand":8,"minecraft:oak_slab":13,"minecraft:crafting_table":6,"minecraft:blast_furnace":7,"minecraft:black_bed":1,"minecraft:smoker":4,"minecraft:oak_log":4,"minecraft:lever":2,"minecraft:netherite_axe":1,"minecraft:bread":3,"minecraft:barrier":222,"minecraft:iron_pickaxe":118,"minecraft:spruce_trapdoor":4,"minecraft:gravel":3,"minecraft:iron_door":4,"minecraft:stone_axe":91,"minecraft:evoker_spawn_egg":4,"minecraft:cobblestone":15,"minecraft:pufferfish_bucket":3,"minecraft:cooked_porkchop":3,"minecraft:bucket":8,"minecraft:lapis_block":8,"minecraft:pumpkin_pie":1,"minecraft:kelp":4,"minecraft:warped_button":62,"minecraft:pillager_spawn_egg":24,"minecraft:diorite_slab":2},"minecraft:dropped":{"minecraft:spawner":4,"minecraft:enchanted_book":4,"minecraft:iron_ingot":3,"minecraft:bread":12,"minecraft:wheat_seeds":40,"minecraft:diamond":16,"minecraft:cooked_porkchop":64,"minecraft:golden_axe":1,"minecraft:iron_helmet":1,"minecraft:cobblestone":5,"minecraft:granite":5,"minecraft:golden_apple":1,"minecraft:stick":11,"minecraft:diorite":8,"minecraft:wooden_axe":1,"minecraft:iron_leggings":2,"minecraft:pufferfish_bucket":2,"minecraft:sand":6,"minecraft:iron_pickaxe":1,"minecraft:dark_oak_boat":1,"minecraft:diorite_slab":5,"minecraft:blue_bed":1,"minecraft:spruce_sapling":7,"minecraft:bone":896,"minecraft:gravel":12,"minecraft:stone_axe":1,"minecraft:zombie_spawn_egg":9,"minecraft:sweet_berries":22,"minecraft:lever":1,"minecraft:iron_nugget":4,"minecraft:wheat":2,"minecraft:rotten_flesh":13,"minecraft:enchanted_golden_apple":1,"minecraft:iron_boots":2,"minecraft:fern":2,"minecraft:totem_of_undying":3,"minecraft:pumpkin_seeds":7,"minecraft:flint_and_steel":1,"minecraft:potato":1,"minecraft:hay_block":63,"minecraft:shield":1,"minecraft:spruce_planks":21,"minecraft:iron_chestplate":2,"minecraft:wooden_pickaxe":1},"minecraft:custom":{"minecraft:interact_with_anvil":1,"minecraft:mob_kills":31,"minecraft:interact_with_crafting_table":23,"minecraft:leave_game":1,"minecraft:time_since_death":134904,"minecraft:sprint_one_cm":311170,"minecraft:walk_one_cm":181288,"minecraft:drop":110,"minecraft:deaths":13,"minecraft:sneak_time":10641,"minecraft:walk_under_water_one_cm":48436,"minecraft:boat_one_cm":44315,"minecraft:jump":1502,"minecraft:interact_with_blast_furnace":37,"minecraft:walk_on_water_one_cm":24869,"minecraft:play_one_minute":201954,"minecraft:sleep_in_bed":4,"minecraft:time_since_rest":86236,"minecraft:damage_taken":6446,"minecraft:damage_dealt":5647,"minecraft:player_kills":7,"minecraft:swim_one_cm":28081,"minecraft:fly_one_cm":657105,"minecraft:open_chest":13,"minecraft:crouch_one_cm":17008,"minecraft:interact_with_smoker":14,"minecraft:fall_one_cm":87624}},"DataVersion":2586}