{"stats":{"minecraft:crafted":{"minecraft:furnace":1,"minecraft:bone_meal":9,"minecraft:cooked_mutton":4,"minecraft:flint_and_steel":1,"minecraft:iron_boots":1,"minecraft:stone_pickaxe":1,"minecraft:spruce_boat":1,"minecraft:smoker":1,"minecraft:wheat":9,"minecraft:golden_boots":1,"minecraft:cooked_beef":7,"minecraft:cooked_porkchop":6,"minecraft:crafting_table":3,"minecraft:spruce_planks":104,"minecraft:iron_helmet":2,"minecraft:baked_potato":6,"minecraft:wooden_pickaxe":1,"minecraft:iron_sword":1,"minecraft:bucket":1,"minecraft:stone_axe":1,"minecraft:air":0,"minecraft:bread":6,"minecraft:spruce_trapdoor":2,"minecraft:iron_chestplate":2,"minecraft:stick":20,"minecraft:iron_ingot":25,"minecraft:iron_pickaxe":1,"minecraft:iron_leggings":2,"minecraft:gold_ingot":16,"minecraft:torch":12,"minecraft:diorite_slab":6},"minecraft:killed_by":{"minecraft:player":7},"minecraft:used":{"minecraft:netherite_sword":101,"minecraft:enchanting_table":1,"minecraft:carved_pumpkin":1,"minecraft:chest":69,"minecraft:spruce_planks":6,"minecraft:iron_sword":42,"minecraft:stone":1155,"minecraft:zombie_spawn_egg":34,"minecraft:warped_sign":21,"minecraft:netherrack":5,"minecraft:soul_campfire":14,"minecraft:torch":47,"minecraft:soul_sand":12,"minecraft:dirt":37,"minecraft:anvil":5,"minecraft:hopper":27,"minecraft:blue_stained_glass":8,"minecraft:warped_door":2,"minecraft:yellow_carpet":164,"minecraft:granite":25,"minecraft:spruce_boat":2,"minecraft:glass":239,"minecraft:dark_oak_planks":473,"minecraft:packed_ice":555,"minecraft:sea_lantern":36,"minecraft:lava_bucket":8,"minecraft:netherite_shovel":4,"minecraft:bookshelf":22,"minecraft:iron_block":4,"minecraft:grass_block":378,"minecraft:spawner":66,"minecraft:item_frame":1,"minecraft:bedrock":697,"minecraft:light_gray_wool":1,"minecraft:magma_block":25,"minecraft:beef":2,"minecraft:dark_oak_boat":5,"minecraft:hay_block":6,"minecraft:sweet_berries":12,"minecraft:wolf_spawn_egg":38,"minecraft:trapped_chest":4,"minecraft:cooked_beef":1,"minecraft:turtle_egg":1,"minecraft:zombified_piglin_spawn_egg":22,"minecraft:water_bucket":43,"minecraft:diorite":4,"minecraft:wither_skeleton_skull":4,"minecraft:elder_guardian_spawn_egg":11,"minecraft:stone_pickaxe":131,"minecraft:dark_oak_sign":1,"minecraft:baked_potato":6,"minecraft:wooden_pickaxe":3,"minecraft:sugar_cane":26,"minecraft:blue_bed":1,"minecraft:diamond_axe":4,"minecraft:vindicator_spawn_egg":11,"minecraft:sand":8,"minecraft:oak_slab":13,"minecraft:crafting_table":7,"minecraft:painting":98,"minecraft:campfire":29,"minecraft:blast_furnace":7,"minecraft:blue_ice":6,"minecraft:sponge":11,"minecraft:black_bed":1,"minecraft:dark_oak_fence_gate":2,"minecraft:smoker":4,"minecraft:oak_log":4,"minecraft:lever":2,"minecraft:warped_trapdoor":10,"minecraft:iron_pickaxe":118,"minecraft:netherite_axe":1,"minecraft:barrier":222,"minecraft:bread":3,"minecraft:warped_slab":264,"minecraft:spruce_trapdoor":4,"minecraft:stone_slab":56,"minecraft:gravel":3,"minecraft:iron_door":4,"minecraft:evoker_spawn_egg":4,"minecraft:stone_axe":91,"minecraft:diamond_sword":3,"minecraft:pufferfish_bucket":3,"minecraft:cobblestone":15,"minecraft:dark_oak_fence":191,"minecraft:lapis_block":8,"minecraft:cooked_porkchop":3,"minecraft:warped_fence_gate":9,"minecraft:bucket":8,"minecraft:pumpkin_pie":1,"minecraft:yellow_bed":1,"minecraft:kelp":4,"minecraft:warped_button":62,"minecraft:pillager_spawn_egg":24,"minecraft:diorite_slab":2},"minecraft:picked_up":{"minecraft:crafting_table":3,"minecraft:wheat":11,"minecraft:chainmail_boots":1,"minecraft:diorite_slab":1,"minecraft:golden_sword":1,"minecraft:string":26,"minecraft:gold_nugget":28,"minecraft:netherite_sword":1,"minecraft:spruce_planks":2,"minecraft:beef":14,"minecraft:poppy":1,"minecraft:light_gray_wool":1,"minecraft:sugar_cane":16,"minecraft:spruce_trapdoor":3,"minecraft:stick":8,"minecraft:stone":1,"minecraft:composter":1,"minecraft:torch":4,"minecraft:porkchop":11,"minecraft:diorite":15,"minecraft:warped_button":5,"minecraft:carrot":5,"minecraft:dark_oak_planks":1,"minecraft:zombie_spawn_egg":5,"minecraft:arrow":4,"minecraft:rotten_flesh":123,"minecraft:hay_block":2,"minecraft:warped_sign":4,"minecraft:totem_of_undying":1,"minecraft:mutton":4,"minecraft:white_wool":2,"minecraft:soul_campfire":1,"minecraft:cobblestone":142,"minecraft:iron_door":1,"minecraft:water_bucket":24,"minecraft:andesite":14,"minecraft:leather":5,"minecraft:fern":1,"minecraft:smoker":2,"minecraft:potato":6,"minecraft:flint":2,"minecraft:gunpowder":4,"minecraft:dirt":20,"minecraft:blue_bed":3,"minecraft:bone":4,"minecraft:kelp":4,"minecraft:wheat_seeds":40,"minecraft:orange_tulip":1,"minecraft:iron_ingot":32,"minecraft:grindstone":2,"minecraft:cobweb":1,"minecraft:iron_ore":28,"minecraft:soul_sand":2,"minecraft:sweet_berries":54,"minecraft:gravel":12,"minecraft:sand":14,"minecraft:stripped_spruce_log":4,"minecraft:spruce_sapling":2,"minecraft:blast_furnace":2,"minecraft:spruce_log":14,"minecraft:gold_ore":1,"minecraft:spider_eye":3,"minecraft:pumpkin_seeds":2,"minecraft:yellow_carpet":1,"minecraft:spruce_boat":1,"minecraft:lever":1,"minecraft:granite":5,"minecraft:painting":2,"minecraft:netherrack":3,"minecraft:coal":132},"minecraft:mined":{"minecraft:spruce_trapdoor":3,"minecraft:granite":5,"minecraft:grass_block":1,"minecraft:spruce_leaves":20,"minecraft:composter":1,"minecraft:spawner":1,"minecraft:large_fern":5,"minecraft:hay_block":2,"minecraft:diorite_slab":1,"minecraft:iron_ore":8,"minecraft:andesite":11,"minecraft:stripped_spruce_log":4,"minecraft:potatoes":3,"minecraft:packed_ice":6,"minecraft:stone":129,"minecraft:smoker":1,"minecraft:oak_fence":2,"minecraft:crafting_table":3,"minecraft:torch":3,"minecraft:blast_furnace":2,"minecraft:cobblestone":12,"minecraft:grindstone":2,"minecraft:sugar_cane":6,"minecraft:oak_planks":1,"minecraft:diorite":9,"minecraft:blue_bed":4,"minecraft:wheat":19,"minecraft:sweet_berry_bush":25,"minecraft:spruce_log":14,"minecraft:pumpkin_stem":5,"minecraft:grass":4,"minecraft:coal_ore":24,"minecraft:gravel":3,"minecraft:dirt":8,"minecraft:cobweb":3,"minecraft:fern":2},"minecraft:killed":{"minecraft:cave_spider":7,"minecraft:zombified_piglin":16,"minecraft:spider":1,"minecraft:skeleton":4,"minecraft:pig":7,"minecraft:creeper":1,"minecraft:sheep":3,"minecraft:zombie":42,"minecraft:villager":4,"minecraft:cow":8},"minecraft:custom":{"minecraft:interact_with_anvil":11,"minecraft:mob_kills":94,"minecraft:inspect_hopper":1,"minecraft:interact_with_crafting_table":23,"minecraft:leave_game":2,"minecraft:time_since_death":43192,"minecraft:climb_one_cm":6507,"minecraft:sprint_one_cm":374674,"minecraft:walk_one_cm":310769,"minecraft:drop":160,"minecraft:deaths":15,"minecraft:sneak_time":19208,"minecraft:walk_under_water_one_cm":126384,"minecraft:boat_one_cm":44991,"minecraft:jump":1697,"minecraft:interact_with_blast_furnace":37,"minecraft:walk_on_water_one_cm":111815,"minecraft:enchant_item":41,"minecraft:play_one_minute":321016,"minecraft:sleep_in_bed":4,"minecraft:time_since_rest":43233,"minecraft:damage_taken":6446,"minecraft:damage_dealt":11750,"minecraft:player_kills":7,"minecraft:swim_one_cm":30912,"minecraft:fly_one_cm":971908,"minecraft:open_chest":23,"minecraft:crouch_one_cm":28170,"minecraft:interact_with_smoker":14,"minecraft:fall_one_cm":87624},"minecraft:dropped":{"minecraft:spawner":4,"minecraft:enchanted_book":4,"minecraft:iron_ingot":3,"minecraft:bread":12,"minecraft:wheat_seeds":40,"minecraft:diamond":18,"minecraft:cooked_porkchop":64,"minecraft:diamond_leggings":1,"minecraft:golden_axe":1,"minecraft:iron_helmet":1,"minecraft:cobblestone":5,"minecraft:granite":5,"minecraft:golden_apple":65,"minecraft:stick":11,"minecraft:diorite":8,"minecraft:wooden_axe":1,"minecraft:diamond_helmet":1,"minecraft:iron_leggings":2,"minecraft:pufferfish_bucket":2,"minecraft:sand":6,"minecraft:iron_pickaxe":1,"minecraft:dark_oak_planks":1,"minecraft:dark_oak_boat":1,"minecraft:diorite_slab":5,"minecraft:blue_bed":1,"minecraft:spruce_sapling":7,"minecraft:bone":2048,"minecraft:gravel":12,"minecraft:stone_axe":1,"minecraft:zombie_spawn_egg":9,"minecraft:sweet_berries":22,"minecraft:lever":1,"minecraft:iron_nugget":4,"minecraft:wheat":2,"minecraft:rotten_flesh":13,"minecraft:wither_skeleton_skull":2,"minecraft:enchanted_golden_apple":2,"minecraft:iron_boots":2,"minecraft:fern":2,"minecraft:totem_of_undying":10,"minecraft:pumpkin_seeds":7,"minecraft:flint_and_steel":1,"minecraft:diamond_sword":1,"minecraft:potato":1,"minecraft:hay_block":63,"minecraft:shield":1,"minecraft:diamond_chestplate":1,"minecraft:spruce_planks":21,"minecraft:iron_chestplate":2,"minecraft:lingering_potion":8,"minecraft:diamond_boots":1,"minecraft:bow":1,"minecraft:arrow":1,"minecraft:wooden_pickaxe":1,"minecraft:splash_potion":3}},"DataVersion":2586}