{"stats":{"minecraft:killed":{"minecraft:zombie":1,"minecraft:spider":1},"minecraft:custom":{"minecraft:time_since_rest":3268,"minecraft:interact_with_furnace":9,"minecraft:sprint_one_cm":82365,"minecraft:damage_taken":607,"minecraft:walk_one_cm":51261,"minecraft:trigger_trapped_chest":2,"minecraft:mob_kills":2,"minecraft:damage_dealt":369,"minecraft:swim_one_cm":1476,"minecraft:interact_with_crafting_table":8,"minecraft:fly_one_cm":100974,"minecraft:open_chest":14,"minecraft:play_one_minute":20480,"minecraft:deaths":2,"minecraft:sneak_time":20,"minecraft:walk_under_water_one_cm":588,"minecraft:jump":486,"minecraft:interact_with_blast_furnace":5,"minecraft:walk_on_water_one_cm":1345,"minecraft:time_since_death":3230,"minecraft:interact_with_smoker":1,"minecraft:fall_one_cm":16419},"minecraft:mined":{"minecraft:furnace":2,"minecraft:birch_log":7,"minecraft:iron_ore":23,"minecraft:andesite":6,"minecraft:crafting_table":3,"minecraft:grass":4,"minecraft:grass_block":5,"minecraft:oak_log":6,"minecraft:coal_ore":12,"minecraft:yellow_carpet":1,"minecraft:stone":90,"minecraft:gold_ore":4,"minecraft:oak_leaves":3},"minecraft:crafted":{"minecraft:oak_planks":20,"minecraft:iron_boots":1,"minecraft:crafting_table":1,"minecraft:stick":16,"minecraft:iron_pickaxe":2,"minecraft:wooden_pickaxe":1,"minecraft:iron_ingot":7,"minecraft:stone_pickaxe":1,"minecraft:wooden_axe":1,"minecraft:furnace":1,"minecraft:birch_planks":28,"minecraft:stone_axe":2,"minecraft:air":0},"minecraft:used":{"minecraft:wooden_axe":8,"minecraft:iron_ore":1,"minecraft:stone_pickaxe":45,"minecraft:iron_pickaxe":79,"minecraft:wooden_pickaxe":17,"minecraft:stone_axe":8,"minecraft:dirt":5,"minecraft:crafting_table":4,"minecraft:furnace":3,"minecraft:yellow_carpet":1,"minecraft:cooked_beef":2},"minecraft:killed_by":{"minecraft:zombie":2},"minecraft:picked_up":{"minecraft:birch_log":7,"minecraft:crafting_table":3,"minecraft:andesite":6,"minecraft:oak_log":5,"minecraft:gold_ore":4,"minecraft:dirt":5,"minecraft:yellow_carpet":1,"minecraft:iron_ingot":3,"minecraft:iron_ore":29,"minecraft:coal":30,"minecraft:egg":1,"minecraft:cobblestone":90,"minecraft:furnace":2}},"DataVersion":2586}