{"stats":{"minecraft:killed":{"minecraft:spider":1,"minecraft:zombie":1},"minecraft:custom":{"minecraft:interact_with_furnace":9,"minecraft:mob_kills":2,"minecraft:inspect_hopper":1,"minecraft:interact_with_crafting_table":10,"minecraft:play_one_minute":32981,"minecraft:leave_game":1,"minecraft:time_since_death":15731,"minecraft:time_since_rest":15769,"minecraft:sprint_one_cm":163745,"minecraft:open_enderchest":1,"minecraft:damage_taken":667,"minecraft:walk_one_cm":68870,"minecraft:trigger_trapped_chest":5,"minecraft:drop":2,"minecraft:damage_dealt":369,"minecraft:swim_one_cm":14123,"minecraft:fly_one_cm":180342,"minecraft:open_chest":59,"minecraft:crouch_one_cm":151,"minecraft:deaths":2,"minecraft:sneak_time":167,"minecraft:walk_under_water_one_cm":1293,"minecraft:jump":774,"minecraft:interact_with_blast_furnace":5,"minecraft:walk_on_water_one_cm":1917,"minecraft:interact_with_smoker":1,"minecraft:fall_one_cm":23435},"minecraft:mined":{"minecraft:crafting_table":3,"minecraft:grass_block":5,"minecraft:yellow_carpet":1,"minecraft:diorite":14,"minecraft:sandstone":4,"minecraft:furnace":2,"minecraft:birch_log":7,"minecraft:iron_ore":23,"minecraft:andesite":12,"minecraft:grass":4,"minecraft:coal_ore":12,"minecraft:potatoes":1,"minecraft:oak_log":6,"minecraft:gravel":2,"minecraft:sand":4,"minecraft:stone":125,"minecraft:gold_ore":4,"minecraft:oak_leaves":3},"minecraft:used":{"minecraft:iron_ore":1,"minecraft:stone_pickaxe":45,"minecraft:wooden_pickaxe":17,"minecraft:dirt":5,"minecraft:crafting_table":4,"minecraft:carrot":1,"minecraft:yellow_carpet":1,"minecraft:iron_hoe":4,"minecraft:wooden_axe":8,"minecraft:diamond_pickaxe":60,"minecraft:iron_pickaxe":79,"minecraft:stone_axe":8,"minecraft:furnace":3,"minecraft:andesite":2,"minecraft:cooked_beef":6,"minecraft:potato":2},"minecraft:crafted":{"minecraft:oak_planks":20,"minecraft:diamond_axe":1,"minecraft:crafting_table":1,"minecraft:wooden_pickaxe":1,"minecraft:furnace":1,"minecraft:birch_planks":28,"minecraft:stone_axe":2,"minecraft:air":0,"minecraft:diamond_helmet":1,"minecraft:diamond_leggings":1,"minecraft:iron_boots":1,"minecraft:diamond_pickaxe":1,"minecraft:iron_hoe":1,"minecraft:stick":76,"minecraft:iron_ingot":7,"minecraft:iron_pickaxe":2,"minecraft:stone_pickaxe":1,"minecraft:wooden_axe":1,"minecraft:diamond_boots":1,"minecraft:diamond_chestplate":1},"minecraft:killed_by":{"minecraft:zombie":2},"minecraft:picked_up":{"minecraft:birch_log":7,"minecraft:crafting_table":3,"minecraft:andesite":10,"minecraft:potato":4,"minecraft:oak_log":5,"minecraft:dirt":5,"minecraft:iron_ingot":3,"minecraft:iron_ore":29,"minecraft:furnace":2,"minecraft:iron_boots":1,"minecraft:egg":1,"minecraft:sandstone":4,"minecraft:gravel":2,"minecraft:sand":4,"minecraft:diorite":13,"minecraft:carrot":1,"minecraft:gold_ore":4,"minecraft:yellow_carpet":1,"minecraft:coal":30,"minecraft:cobblestone":125},"minecraft:dropped":{"minecraft:iron_boots":1,"minecraft:andesite":4}},"DataVersion":2586}