{"stats":{"minecraft:killed":{"minecraft:spider":1,"minecraft:zombie":2},"minecraft:custom":{"minecraft:interact_with_furnace":9,"minecraft:mob_kills":3,"minecraft:inspect_hopper":1,"minecraft:interact_with_crafting_table":10,"minecraft:play_one_minute":44904,"minecraft:leave_game":2,"minecraft:time_since_death":27654,"minecraft:time_since_rest":27692,"minecraft:sprint_one_cm":171364,"minecraft:open_enderchest":1,"minecraft:damage_taken":700,"minecraft:walk_one_cm":70320,"minecraft:trigger_trapped_chest":5,"minecraft:drop":2,"minecraft:damage_dealt":588,"minecraft:swim_one_cm":23073,"minecraft:fly_one_cm":309672,"minecraft:open_chest":74,"minecraft:crouch_one_cm":151,"minecraft:deaths":2,"minecraft:sneak_time":263,"minecraft:walk_under_water_one_cm":1965,"minecraft:jump":1075,"minecraft:interact_with_blast_furnace":5,"minecraft:walk_on_water_one_cm":2838,"minecraft:interact_with_smoker":1,"minecraft:fall_one_cm":23435},"minecraft:mined":{"minecraft:crafting_table":3,"minecraft:granite":8,"minecraft:grass_block":5,"minecraft:yellow_carpet":1,"minecraft:cobblestone":6,"minecraft:lapis_ore":8,"minecraft:diorite":18,"minecraft:sandstone":4,"minecraft:furnace":2,"minecraft:birch_log":7,"minecraft:iron_ore":23,"minecraft:blue_ice":3,"minecraft:andesite":17,"minecraft:grass":4,"minecraft:oak_log":6,"minecraft:potatoes":1,"minecraft:coal_ore":12,"minecraft:gravel":2,"minecraft:sand":4,"minecraft:stone":150,"minecraft:gold_ore":4,"minecraft:oak_leaves":3},"minecraft:crafted":{"minecraft:oak_planks":20,"minecraft:diamond_axe":1,"minecraft:crafting_table":1,"minecraft:wooden_pickaxe":1,"minecraft:furnace":1,"minecraft:birch_planks":28,"minecraft:stone_axe":2,"minecraft:air":0,"minecraft:diamond_helmet":1,"minecraft:diamond_leggings":1,"minecraft:iron_boots":1,"minecraft:diamond_pickaxe":1,"minecraft:iron_hoe":1,"minecraft:stick":76,"minecraft:iron_ingot":7,"minecraft:iron_pickaxe":2,"minecraft:stone_pickaxe":1,"minecraft:wooden_axe":1,"minecraft:diamond_boots":1,"minecraft:diamond_chestplate":1},"minecraft:used":{"minecraft:iron_ore":1,"minecraft:stone_pickaxe":45,"minecraft:wooden_pickaxe":17,"minecraft:diamond_axe":4,"minecraft:dirt":5,"minecraft:sand":4,"minecraft:crafting_table":4,"minecraft:carrot":1,"minecraft:yellow_carpet":1,"minecraft:iron_hoe":4,"minecraft:wooden_axe":8,"minecraft:diamond_pickaxe":117,"minecraft:iron_pickaxe":81,"minecraft:stone_axe":8,"minecraft:cobblestone":58,"minecraft:furnace":3,"minecraft:andesite":2,"minecraft:cooked_beef":6,"minecraft:potato":2},"minecraft:killed_by":{"minecraft:zombie":2},"minecraft:picked_up":{"minecraft:birch_log":7,"minecraft:crafting_table":3,"minecraft:andesite":15,"minecraft:potato":4,"minecraft:oak_log":5,"minecraft:lapis_lazuli":51,"minecraft:dirt":5,"minecraft:iron_ingot":3,"minecraft:iron_ore":29,"minecraft:egg":1,"minecraft:iron_boots":1,"minecraft:furnace":2,"minecraft:sandstone":4,"minecraft:gravel":2,"minecraft:sand":4,"minecraft:diorite":18,"minecraft:carrot":1,"minecraft:gold_ore":4,"minecraft:rotten_flesh":3,"minecraft:yellow_carpet":1,"minecraft:granite":8,"minecraft:coal":30,"minecraft:cobblestone":156},"minecraft:dropped":{"minecraft:iron_boots":1,"minecraft:andesite":4}},"DataVersion":2586}