{"stats":{"minecraft:killed":{"minecraft:cave_spider":4,"minecraft:skeleton":3,"minecraft:zombie":5},"minecraft:custom":{"minecraft:mob_kills":12,"minecraft:interact_with_crafting_table":29,"minecraft:leave_game":5,"minecraft:time_since_death":37049,"minecraft:sprint_one_cm":142847,"minecraft:walk_one_cm":211778,"minecraft:drop":15,"minecraft:deaths":2,"minecraft:sneak_time":16885,"minecraft:walk_under_water_one_cm":49231,"minecraft:boat_one_cm":46838,"minecraft:jump":1303,"minecraft:interact_with_blast_furnace":16,"minecraft:walk_on_water_one_cm":63891,"minecraft:interact_with_furnace":5,"minecraft:play_one_minute":153913,"minecraft:pot_flower":1,"minecraft:sleep_in_bed":6,"minecraft:time_since_rest":28483,"minecraft:damage_taken":1418,"minecraft:damage_dealt":2213,"minecraft:swim_one_cm":56369,"minecraft:fly_one_cm":203486,"minecraft:open_chest":27,"minecraft:crouch_one_cm":39639,"minecraft:interact_with_smoker":9,"minecraft:fish_caught":3,"minecraft:fall_one_cm":20243},"minecraft:mined":{"minecraft:spruce_planks":1,"minecraft:granite":1,"minecraft:allium":1,"minecraft:grass_block":18,"minecraft:spruce_leaves":13,"minecraft:sandstone":11,"minecraft:large_fern":3,"minecraft:magma_block":1,"minecraft:redstone_ore":11,"minecraft:iron_ore":44,"minecraft:andesite":25,"minecraft:gold_block":1,"minecraft:red_tulip":3,"minecraft:potatoes":9,"minecraft:stone":109,"minecraft:smoker":2,"minecraft:clay":1,"minecraft:crafting_table":4,"minecraft:torch":1,"minecraft:blast_furnace":2,"minecraft:lapis_ore":3,"minecraft:sugar_cane":5,"minecraft:diorite":11,"minecraft:blue_bed":2,"minecraft:dark_oak_slab":1,"minecraft:birch_log":7,"minecraft:sweet_berry_bush":10,"minecraft:spruce_log":18,"minecraft:birch_leaves":2,"minecraft:orange_tulip":3,"minecraft:grass":6,"minecraft:oak_log":70,"minecraft:coal_ore":50,"minecraft:gravel":12,"minecraft:sand":144,"minecraft:dirt":15,"minecraft:cobweb":19,"minecraft:stone_bricks":1,"minecraft:netherrack":14,"minecraft:gold_ore":17,"minecraft:oak_leaves":16},"minecraft:used":{"minecraft:oak_trapdoor":2,"minecraft:oak_fence":45,"minecraft:stone_sword":54,"minecraft:stone_shovel":153,"minecraft:chest":2,"minecraft:iron_sword":20,"minecraft:netherrack":3,"minecraft:torch":28,"minecraft:dirt":26,"minecraft:spruce_boat":1,"minecraft:lantern":3,"minecraft:oak_stairs":1,"minecraft:stone_bricks":1,"minecraft:bow":1,"minecraft:sweet_berries":31,"minecraft:oak_sapling":1,"minecraft:furnace":1,"minecraft:cooked_beef":4,"minecraft:potato":32,"minecraft:stone_pickaxe":1,"minecraft:sandstone":8,"minecraft:sugar_cane":25,"minecraft:blue_bed":3,"minecraft:golden_hoe":22,"minecraft:sand":41,"minecraft:oak_slab":42,"minecraft:crafting_table":5,"minecraft:smoker":1,"minecraft:oak_log":29,"minecraft:flower_pot":1,"minecraft:bread":8,"minecraft:iron_pickaxe":312,"minecraft:gravel":8,"minecraft:stone_axe":127,"minecraft:fishing_rod":5,"minecraft:cobblestone":4,"minecraft:grindstone":1,"minecraft:andesite":11,"minecraft:bone_meal":21},"minecraft:crafted":{"minecraft:brick":4,"minecraft:oak_planks":164,"minecraft:stone_shovel":2,"minecraft:fishing_rod":1,"minecraft:golden_chestplate":1,"minecraft:iron_nugget":27,"minecraft:furnace":2,"minecraft:bone_meal":12,"minecraft:oak_trapdoor":2,"minecraft:lantern":3,"minecraft:diamond_helmet":1,"minecraft:bow":2,"minecraft:stone_pickaxe":1,"minecraft:chest":2,"minecraft:oak_fence":57,"minecraft:flower_pot":1,"minecraft:smoker":1,"minecraft:cooked_beef":5,"minecraft:oak_slab":78,"minecraft:crafting_table":2,"minecraft:spruce_planks":16,"minecraft:baked_potato":12,"minecraft:iron_sword":1,"minecraft:stone_axe":2,"minecraft:air":0,"minecraft:diamond_pickaxe":1,"minecraft:stick":60,"minecraft:iron_ingot":27,"minecraft:iron_pickaxe":2,"minecraft:oak_stairs":4,"minecraft:stone_sword":1,"minecraft:gold_ingot":9,"minecraft:torch":32,"minecraft:diamond_chestplate":1,"minecraft:golden_hoe":1},"minecraft:killed_by":{"minecraft:skeleton":1},"minecraft:picked_up":{"minecraft:fishing_rod":1,"minecraft:crafting_table":5,"minecraft:iron_chestplate":3,"minecraft:wheat":2,"minecraft:allium":1,"minecraft:clay_ball":4,"minecraft:wooden_pickaxe":1,"minecraft:oak_stairs":3,"minecraft:gold_block":2,"minecraft:brick":1,"minecraft:string":66,"minecraft:flint_and_steel":1,"minecraft:iron_leggings":3,"minecraft:spruce_planks":22,"minecraft:iron_pickaxe":3,"minecraft:enchanted_golden_apple":1,"minecraft:sugar_cane":21,"minecraft:birch_sapling":1,"minecraft:iron_boots":3,"minecraft:stick":15,"minecraft:sandstone":9,"minecraft:oak_fence":2,"minecraft:torch":1,"minecraft:diorite":5,"minecraft:redstone":96,"minecraft:golden_chestplate":1,"minecraft:arrow":5,"minecraft:rotten_flesh":4,"minecraft:stone_shovel":1,"minecraft:golden_hoe":1,"minecraft:red_tulip":6,"minecraft:gold_ingot":11,"minecraft:cod":3,"minecraft:cobblestone":161,"minecraft:birch_log":7,"minecraft:magma_block":2,"minecraft:cooked_beef":2,"minecraft:golden_carrot":2,"minecraft:andesite":25,"minecraft:dark_oak_boat":2,"minecraft:smoker":3,"minecraft:potato":35,"minecraft:flint":2,"minecraft:oak_log":70,"minecraft:paper":8,"minecraft:dirt":32,"minecraft:lapis_lazuli":15,"minecraft:blue_bed":4,"minecraft:bone":8,"minecraft:stone_bricks":2,"minecraft:bow":3,"minecraft:wheat_seeds":40,"minecraft:orange_tulip":6,"minecraft:iron_ingot":7,"minecraft:iron_ore":41,"minecraft:iron_sword":1,"minecraft:oak_planks":2,"minecraft:dark_oak_slab":1,"minecraft:cooked_porkchop":5,"minecraft:sweet_berries":105,"minecraft:gravel":14,"minecraft:sand":125,"minecraft:blast_furnace":2,"minecraft:spruce_sapling":3,"minecraft:spruce_log":18,"minecraft:gold_ore":16,"minecraft:diamond":16,"minecraft:spruce_boat":1,"minecraft:stone_axe":1,"minecraft:iron_helmet":3,"minecraft:granite":1,"minecraft:bread":12,"minecraft:oak_sapling":4,"minecraft:netherrack":22,"minecraft:coal":101},"minecraft:dropped":{"minecraft:iron_ingot":27,"minecraft:orange_tulip":1,"minecraft:oak_fence":2,"minecraft:granite":1,"minecraft:coal":101,"minecraft:flint":2,"minecraft:diorite":5,"minecraft:oak_stairs":3,"minecraft:spruce_sapling":3,"minecraft:rotten_flesh":1,"minecraft:enchanted_golden_apple":1,"minecraft:smoker":1,"minecraft:andesite":8,"minecraft:iron_ore":17}},"DataVersion":2586}