{"stats":{"minecraft:crafted":{"minecraft:golden_carrot":63,"minecraft:oak_planks":16,"minecraft:furnace":4,"minecraft:dark_oak_sign":3,"minecraft:bone_meal":192,"minecraft:cooked_mutton":17,"minecraft:flint_and_steel":1,"minecraft:diamond_leggings":1,"minecraft:iron_axe":2,"minecraft:iron_hoe":1,"minecraft:stone_pickaxe":1,"minecraft:chest":6,"minecraft:dark_oak_planks":336,"minecraft:cooked_beef":3,"minecraft:diamond_sword":1,"minecraft:emerald":1,"minecraft:crafting_table":2,"minecraft:wooden_pickaxe":1,"minecraft:iron_helmet":1,"minecraft:iron_sword":1,"minecraft:bucket":2,"minecraft:air":0,"minecraft:blue_dye":1,"minecraft:iron_chestplate":1,"minecraft:diamond_pickaxe":1,"minecraft:gold_nugget":504,"minecraft:shield":4,"minecraft:stick":32,"minecraft:iron_ingot":61,"minecraft:iron_pickaxe":2,"minecraft:iron_shovel":1,"minecraft:iron_leggings":1,"minecraft:gold_ingot":36,"minecraft:white_bed":1,"minecraft:torch":40,"minecraft:diamond_chestplate":1},"minecraft:killed_by":{"minecraft:player":11,"minecraft:creeper":1,"minecraft:vindicator":8,"minecraft:zombie":1,"minecraft:vex":3},"minecraft:used":{"minecraft:iron_shovel":193,"minecraft:flint_and_steel":1,"minecraft:chest":8,"minecraft:shield":88,"minecraft:iron_sword":244,"minecraft:rotten_flesh":20,"minecraft:spruce_leaves":4,"minecraft:torch":24,"minecraft:dirt":141,"minecraft:carrot":148,"minecraft:granite":4,"minecraft:obsidian":13,"minecraft:iron_hoe":21,"minecraft:wooden_axe":12,"minecraft:iron_axe":151,"minecraft:totem_of_undying":2,"minecraft:golden_carrot":1,"minecraft:hay_block":1,"minecraft:furnace":10,"minecraft:egg":1,"minecraft:cooked_beef":3,"minecraft:golden_axe":4,"minecraft:cooked_mutton":17,"minecraft:water_bucket":13,"minecraft:diorite":8,"minecraft:iron_ore":4,"minecraft:dark_oak_sign":1,"minecraft:stone_pickaxe":25,"minecraft:wooden_pickaxe":19,"minecraft:composter":1,"minecraft:oak_leaves":82,"minecraft:white_wool":1,"minecraft:sand":8,"minecraft:crafting_table":5,"minecraft:crossbow":13,"minecraft:white_bed":4,"minecraft:diamond_pickaxe":936,"minecraft:oxeye_daisy":1,"minecraft:bread":2,"minecraft:iron_pickaxe":99,"minecraft:gravel":4,"minecraft:stone_axe":62,"minecraft:pufferfish_bucket":1,"minecraft:diamond_sword":151,"minecraft:cobblestone":188,"minecraft:cooked_porkchop":39,"minecraft:andesite":2,"minecraft:bucket":15,"minecraft:bone_meal":188},"minecraft:picked_up":{"minecraft:spruce_leaves":98,"minecraft:charcoal":4,"minecraft:iron_chestplate":4,"minecraft:crafting_table":4,"minecraft:azure_bluet":2,"minecraft:chicken":2,"minecraft:ladder":10,"minecraft:diamond_sword":1,"minecraft:wooden_pickaxe":4,"minecraft:gold_block":3,"minecraft:enchanted_book":1,"minecraft:shield":9,"minecraft:cornflower":1,"minecraft:string":2,"minecraft:iron_axe":6,"minecraft:smooth_stone_slab":7,"minecraft:iron_leggings":4,"minecraft:iron_shovel":3,"minecraft:oak_sign":3,"minecraft:beef":8,"minecraft:cobblestone_slab":5,"minecraft:iron_pickaxe":6,"minecraft:sugar_cane":6,"minecraft:chest":2,"minecraft:furnace":9,"minecraft:iron_boots":5,"minecraft:egg":1,"minecraft:stick":10,"minecraft:sandstone":3,"minecraft:stone":8,"minecraft:composter":1,"minecraft:torch":30,"minecraft:porkchop":5,"minecraft:golden_axe":1,"minecraft:diorite":99,"minecraft:warped_button":32,"minecraft:carrot":416,"minecraft:redstone":378,"minecraft:dark_oak_planks":88,"minecraft:stone_sword":1,"minecraft:arrow":34,"minecraft:rotten_flesh":88,"minecraft:diamond_boots":1,"minecraft:hay_block":63,"minecraft:blue_dye":1,"minecraft:iron_block":36,"minecraft:gold_ingot":20,"minecraft:totem_of_undying":2,"minecraft:obsidian":50,"minecraft:mutton":11,"minecraft:snowball":16,"minecraft:white_wool":4,"minecraft:cobblestone":1318,"minecraft:oxeye_daisy":2,"minecraft:nautilus_shell":1,"minecraft:feather":3,"minecraft:cooked_beef":1,"minecraft:water_bucket":5,"minecraft:andesite":115,"minecraft:brown_wool":1,"minecraft:leather":8,"minecraft:potato":3,"minecraft:flint":3,"minecraft:oak_log":4,"minecraft:cobblestone_wall":6,"minecraft:gunpowder":16,"minecraft:lapis_lazuli":251,"minecraft:dirt":426,"minecraft:paper":1,"minecraft:white_banner":2,"minecraft:name_tag":1,"minecraft:cooked_mutton":18,"minecraft:bone":302,"minecraft:bow":2,"minecraft:wheat_seeds":47,"minecraft:iron_ore":202,"minecraft:iron_ingot":59,"minecraft:pufferfish_bucket":2,"minecraft:stone_pickaxe":4,"minecraft:cobweb":63,"minecraft:iron_sword":5,"minecraft:oak_planks":79,"minecraft:book":2,"minecraft:cooked_porkchop":97,"minecraft:sweet_berries":7,"minecraft:dandelion":2,"minecraft:gravel":19,"minecraft:sand":30,"minecraft:spruce_sapling":6,"minecraft:ink_sac":1,"minecraft:white_bed":3,"minecraft:gold_ore":34,"minecraft:crying_obsidian":1,"minecraft:dark_oak_log":84,"minecraft:spider_eye":4,"minecraft:sugar":6,"minecraft:diamond":59,"minecraft:stone_axe":2,"minecraft:light_blue_carpet":3,"minecraft:iron_helmet":2,"minecraft:crossbow":7,"minecraft:granite":102,"minecraft:emerald":11,"minecraft:bread":68,"minecraft:oak_sapling":6,"minecraft:black_wool":4,"minecraft:coal":239,"minecraft:oak_leaves":205,"minecraft:diamond_pickaxe":6,"minecraft:wooden_axe":3},"minecraft:mined":{"minecraft:diamond_ore":43,"minecraft:crying_obsidian":1,"minecraft:white_bed":3,"minecraft:dark_oak_log":84,"minecraft:obsidian":31,"minecraft:granite":26,"minecraft:grass_block":72,"minecraft:spruce_leaves":2,"minecraft:composter":1,"minecraft:oxeye_daisy":1,"minecraft:sandstone":3,"minecraft:redstone_ore":13,"minecraft:furnace":7,"minecraft:carrots":126,"minecraft:iron_ore":143,"minecraft:andesite":42,"minecraft:azure_bluet":1,"minecraft:potatoes":1,"minecraft:warped_button":36,"minecraft:stone":557,"minecraft:torch":1,"minecraft:cornflower":1,"minecraft:crafting_table":4,"minecraft:poppy":1,"minecraft:chest":1,"minecraft:tall_grass":21,"minecraft:cobblestone":30,"minecraft:lapis_ore":6,"minecraft:sugar_cane":4,"minecraft:diorite":15,"minecraft:wall_torch":2,"minecraft:wheat":2,"minecraft:grass_path":2,"minecraft:grass":108,"minecraft:coal_ore":98,"minecraft:oak_log":4,"minecraft:sand":27,"minecraft:gravel":2,"minecraft:dirt":127,"minecraft:red_mushroom_block":1,"minecraft:gold_ore":26,"minecraft:oak_leaves":19,"minecraft:fern":2},"minecraft:killed":{"minecraft:evoker":2,"minecraft:witch":2,"minecraft:spider":6,"minecraft:vindicator":8,"minecraft:skeleton":17,"minecraft:chicken":2,"minecraft:wolf":1,"minecraft:pig":4,"minecraft:ravager":1,"minecraft:creeper":4,"minecraft:sheep":5,"minecraft:pillager":40,"minecraft:zombie":320,"minecraft:villager":1,"minecraft:cow":4},"minecraft:custom":{"minecraft:interact_with_anvil":9,"minecraft:mob_kills":424,"minecraft:animals_bred":6,"minecraft:inspect_hopper":3,"minecraft:interact_with_crafting_table":56,"minecraft:bell_ring":22,"minecraft:leave_game":9,"minecraft:time_since_death":4576,"minecraft:climb_one_cm":56199,"minecraft:sprint_one_cm":1153247,"minecraft:walk_one_cm":839293,"minecraft:damage_blocked_by_shield":4454,"minecraft:drop":84,"minecraft:talked_to_villager":11,"minecraft:deaths":168,"minecraft:sneak_time":10135,"minecraft:walk_under_water_one_cm":34681,"minecraft:jump":6332,"minecraft:enchant_item":6,"minecraft:walk_on_water_one_cm":47364,"minecraft:interact_with_furnace":125,"minecraft:traded_with_villager":1,"minecraft:play_one_minute":388733,"minecraft:sleep_in_bed":8,"minecraft:time_since_rest":4624,"minecraft:damage_taken":190158,"minecraft:damage_absorbed":135,"minecraft:damage_dealt":29749,"minecraft:player_kills":8,"minecraft:swim_one_cm":73617,"minecraft:fly_one_cm":1289589,"minecraft:open_chest":135,"minecraft:crouch_one_cm":22803,"minecraft:interact_with_smoker":1,"minecraft:fall_one_cm":1996394},"minecraft:dropped":{"minecraft:water_bucket":1,"minecraft:wheat_seeds":7,"minecraft:lapis_lazuli":20,"minecraft:cooked_porkchop":1,"minecraft:crossbow":1,"minecraft:cobblestone":65,"minecraft:leather":5,"minecraft:stick":3,"minecraft:spruce_leaves":47,"minecraft:dirt":33,"minecraft:blue_dye":1,"minecraft:golden_carrot":32,"minecraft:diorite":19,"minecraft:brown_wool":1,"minecraft:iron_leggings":2,"minecraft:sand":16,"minecraft:iron_axe":2,"minecraft:iron_pickaxe":3,"minecraft:bucket":1,"minecraft:redstone":12,"minecraft:gravel":3,"minecraft:sweet_berries":5,"minecraft:sugar_cane":6,"minecraft:obsidian":15,"minecraft:rotten_flesh":6,"minecraft:oak_planks":30,"minecraft:iron_boots":1,"minecraft:cooked_mutton":1,"minecraft:shield":3,"minecraft:gunpowder":6,"minecraft:diamond_pickaxe":2,"minecraft:andesite":2,"minecraft:oak_sapling":1,"minecraft:spider_eye":2,"minecraft:sandstone":3,"minecraft:iron_ore":8,"minecraft:arrow":12,"minecraft:beef":3,"minecraft:stone_pickaxe":3,"minecraft:oak_leaves":76}},"DataVersion":2586}