{"stats":{"minecraft:crafted":{"minecraft:golden_carrot":63,"minecraft:cookie":36,"minecraft:oak_planks":16,"minecraft:furnace":4,"minecraft:stone":4,"minecraft:dark_oak_sign":3,"minecraft:bone_meal":861,"minecraft:cooked_mutton":17,"minecraft:flint_and_steel":1,"minecraft:diamond_leggings":1,"minecraft:iron_axe":2,"minecraft:iron_hoe":1,"minecraft:stone_pickaxe":1,"minecraft:chest":8,"minecraft:dark_oak_planks":336,"minecraft:cooked_beef":3,"minecraft:diamond_sword":1,"minecraft:emerald":15,"minecraft:crafting_table":2,"minecraft:wooden_pickaxe":1,"minecraft:iron_helmet":1,"minecraft:iron_sword":1,"minecraft:bucket":2,"minecraft:air":0,"minecraft:blue_dye":1,"minecraft:apple":60,"minecraft:iron_chestplate":1,"minecraft:diamond_pickaxe":1,"minecraft:gold_nugget":504,"minecraft:shield":4,"minecraft:stick":32,"minecraft:iron_ingot":61,"minecraft:iron_pickaxe":2,"minecraft:iron_shovel":1,"minecraft:iron_leggings":1,"minecraft:gold_ingot":36,"minecraft:white_bed":1,"minecraft:torch":40,"minecraft:diamond_chestplate":1},"minecraft:killed_by":{"minecraft:player":11,"minecraft:creeper":1,"minecraft:ravager":1,"minecraft:vindicator":8,"minecraft:zombie":1,"minecraft:vex":4},"minecraft:used":{"minecraft:iron_shovel":193,"minecraft:flint_and_steel":2,"minecraft:chest":10,"minecraft:shield":88,"minecraft:iron_sword":244,"minecraft:rotten_flesh":20,"minecraft:spruce_leaves":4,"minecraft:torch":24,"minecraft:dirt":141,"minecraft:carrot":215,"minecraft:granite":4,"minecraft:obsidian":13,"minecraft:iron_hoe":21,"minecraft:wooden_axe":12,"minecraft:iron_axe":151,"minecraft:totem_of_undying":2,"minecraft:golden_carrot":21,"minecraft:hay_block":1,"minecraft:furnace":10,"minecraft:egg":1,"minecraft:cooked_beef":3,"minecraft:golden_axe":4,"minecraft:cooked_mutton":17,"minecraft:water_bucket":22,"minecraft:diorite":8,"minecraft:iron_ore":4,"minecraft:dark_oak_sign":1,"minecraft:stone_pickaxe":25,"minecraft:wooden_pickaxe":19,"minecraft:composter":1,"minecraft:oak_leaves":82,"minecraft:white_wool":1,"minecraft:sand":8,"minecraft:crafting_table":5,"minecraft:crossbow":15,"minecraft:white_bed":4,"minecraft:diamond_pickaxe":2735,"minecraft:oxeye_daisy":1,"minecraft:bread":3,"minecraft:iron_pickaxe":99,"minecraft:gravel":4,"minecraft:stone_axe":62,"minecraft:pufferfish_bucket":1,"minecraft:diamond_sword":245,"minecraft:cobblestone":214,"minecraft:cooked_porkchop":39,"minecraft:andesite":2,"minecraft:bucket":24,"minecraft:bone_meal":225},"minecraft:picked_up":{"minecraft:spruce_leaves":98,"minecraft:charcoal":4,"minecraft:iron_chestplate":4,"minecraft:crafting_table":4,"minecraft:azure_bluet":2,"minecraft:chicken":2,"minecraft:ladder":10,"minecraft:diamond_sword":1,"minecraft:wooden_pickaxe":4,"minecraft:gold_block":3,"minecraft:enchanted_book":1,"minecraft:shield":9,"minecraft:cornflower":1,"minecraft:string":3,"minecraft:iron_axe":7,"minecraft:smooth_stone_slab":7,"minecraft:iron_leggings":4,"minecraft:iron_shovel":3,"minecraft:oak_sign":3,"minecraft:beef":20,"minecraft:cobblestone_slab":5,"minecraft:iron_pickaxe":6,"minecraft:sugar_cane":6,"minecraft:chest":2,"minecraft:furnace":9,"minecraft:iron_boots":5,"minecraft:egg":1,"minecraft:stick":10,"minecraft:sandstone":3,"minecraft:stone":8,"minecraft:composter":1,"minecraft:torch":30,"minecraft:porkchop":5,"minecraft:golden_axe":1,"minecraft:diorite":172,"minecraft:warped_button":32,"minecraft:carrot":656,"minecraft:redstone":488,"minecraft:dark_oak_planks":88,"minecraft:stone_sword":1,"minecraft:arrow":39,"minecraft:rotten_flesh":96,"minecraft:diamond_boots":1,"minecraft:hay_block":63,"minecraft:blue_dye":1,"minecraft:iron_block":36,"minecraft:saddle":2,"minecraft:gold_ingot":20,"minecraft:totem_of_undying":6,"minecraft:obsidian":50,"minecraft:mutton":11,"minecraft:snowball":16,"minecraft:white_wool":4,"minecraft:cobblestone":2312,"minecraft:oxeye_daisy":2,"minecraft:nautilus_shell":1,"minecraft:feather":3,"minecraft:cooked_beef":1,"minecraft:water_bucket":5,"minecraft:andesite":219,"minecraft:brown_wool":1,"minecraft:leather":14,"minecraft:potato":6,"minecraft:flint":3,"minecraft:oak_log":4,"minecraft:cobblestone_wall":6,"minecraft:gunpowder":16,"minecraft:lapis_lazuli":356,"minecraft:dirt":428,"minecraft:paper":1,"minecraft:white_banner":4,"minecraft:name_tag":1,"minecraft:cooked_mutton":18,"minecraft:bone":309,"minecraft:bow":2,"minecraft:wheat_seeds":50,"minecraft:iron_ore":283,"minecraft:iron_ingot":59,"minecraft:pufferfish_bucket":2,"minecraft:stone_pickaxe":4,"minecraft:cobweb":63,"minecraft:glowstone_dust":1,"minecraft:iron_sword":5,"minecraft:oak_planks":79,"minecraft:book":2,"minecraft:cooked_porkchop":97,"minecraft:sweet_berries":7,"minecraft:dandelion":4,"minecraft:gravel":19,"minecraft:sand":33,"minecraft:spruce_sapling":6,"minecraft:ink_sac":1,"minecraft:white_bed":3,"minecraft:gold_ore":165,"minecraft:crying_obsidian":1,"minecraft:dark_oak_log":84,"minecraft:spider_eye":4,"minecraft:sugar":6,"minecraft:diamond":142,"minecraft:stone_axe":2,"minecraft:light_blue_carpet":3,"minecraft:iron_helmet":2,"minecraft:crossbow":7,"minecraft:granite":164,"minecraft:emerald":17,"minecraft:bread":68,"minecraft:oak_sapling":6,"minecraft:black_wool":4,"minecraft:coal":351,"minecraft:oak_leaves":205,"minecraft:diamond_pickaxe":7,"minecraft:wooden_axe":3},"minecraft:mined":{"minecraft:diamond_ore":126,"minecraft:crying_obsidian":1,"minecraft:white_bed":3,"minecraft:dark_oak_log":84,"minecraft:obsidian":31,"minecraft:granite":90,"minecraft:grass_block":72,"minecraft:spruce_leaves":2,"minecraft:composter":1,"minecraft:oxeye_daisy":1,"minecraft:sandstone":3,"minecraft:redstone_ore":40,"minecraft:furnace":7,"minecraft:carrots":193,"minecraft:iron_ore":224,"minecraft:fire":1,"minecraft:andesite":150,"minecraft:azure_bluet":1,"minecraft:potatoes":1,"minecraft:warped_button":36,"minecraft:stone":1639,"minecraft:glass_pane":1,"minecraft:torch":1,"minecraft:cornflower":1,"minecraft:crafting_table":4,"minecraft:poppy":1,"minecraft:chest":1,"minecraft:tall_grass":21,"minecraft:cobblestone":41,"minecraft:lapis_ore":23,"minecraft:sugar_cane":4,"minecraft:diorite":88,"minecraft:wall_torch":2,"minecraft:wheat":2,"minecraft:grass_path":2,"minecraft:grass":128,"minecraft:coal_ore":217,"minecraft:oak_log":4,"minecraft:sand":27,"minecraft:gravel":2,"minecraft:dirt":129,"minecraft:red_mushroom_block":1,"minecraft:gold_ore":157,"minecraft:oak_leaves":19,"minecraft:fern":2},"minecraft:killed":{"minecraft:evoker":4,"minecraft:witch":4,"minecraft:spider":7,"minecraft:vindicator":10,"minecraft:skeleton":21,"minecraft:chicken":2,"minecraft:wolf":2,"minecraft:pig":4,"minecraft:zombie_villager":1,"minecraft:ravager":1,"minecraft:creeper":5,"minecraft:sheep":5,"minecraft:pillager":42,"minecraft:zombie":325,"minecraft:villager":1,"minecraft:cow":11},"minecraft:custom":{"minecraft:interact_with_smithing_table":2,"minecraft:interact_with_anvil":9,"minecraft:mob_kills":453,"minecraft:animals_bred":6,"minecraft:inspect_hopper":3,"minecraft:interact_with_crafting_table":59,"minecraft:bell_ring":22,"minecraft:leave_game":9,"minecraft:time_since_death":12962,"minecraft:climb_one_cm":65721,"minecraft:sprint_one_cm":1310957,"minecraft:walk_one_cm":1034529,"minecraft:damage_blocked_by_shield":4454,"minecraft:drop":106,"minecraft:talked_to_villager":20,"minecraft:raid_win":1,"minecraft:deaths":171,"minecraft:sneak_time":10866,"minecraft:walk_under_water_one_cm":34914,"minecraft:jump":7373,"minecraft:enchant_item":6,"minecraft:walk_on_water_one_cm":51621,"minecraft:interact_with_furnace":131,"minecraft:traded_with_villager":32,"minecraft:play_one_minute":448733,"minecraft:sleep_in_bed":8,"minecraft:time_since_rest":13002,"minecraft:damage_taken":192539,"minecraft:damage_absorbed":135,"minecraft:damage_dealt":36779,"minecraft:player_kills":8,"minecraft:swim_one_cm":74098,"minecraft:fly_one_cm":1514467,"minecraft:open_chest":166,"minecraft:crouch_one_cm":23904,"minecraft:interact_with_smoker":1,"minecraft:fall_one_cm":2019604},"minecraft:dropped":{"minecraft:water_bucket":1,"minecraft:wheat_seeds":10,"minecraft:lapis_lazuli":20,"minecraft:diamond":42,"minecraft:cooked_porkchop":1,"minecraft:crossbow":1,"minecraft:cobblestone":390,"minecraft:leather":5,"minecraft:granite":62,"minecraft:stick":3,"minecraft:spruce_leaves":47,"minecraft:dirt":35,"minecraft:blue_dye":1,"minecraft:golden_carrot":32,"minecraft:diorite":92,"minecraft:brown_wool":1,"minecraft:iron_leggings":2,"minecraft:sand":16,"minecraft:iron_axe":2,"minecraft:iron_pickaxe":3,"minecraft:bucket":1,"minecraft:redstone":12,"minecraft:gravel":3,"minecraft:sweet_berries":5,"minecraft:sugar_cane":6,"minecraft:dark_oak_sign":2,"minecraft:obsidian":15,"minecraft:rotten_flesh":6,"minecraft:oak_planks":30,"minecraft:iron_boots":1,"minecraft:cooked_mutton":1,"minecraft:shield":3,"minecraft:gunpowder":8,"minecraft:diamond_pickaxe":3,"minecraft:andesite":106,"minecraft:oak_sapling":1,"minecraft:spider_eye":2,"minecraft:sandstone":3,"minecraft:iron_ore":8,"minecraft:arrow":12,"minecraft:beef":3,"minecraft:stone_pickaxe":3,"minecraft:oak_leaves":76}},"DataVersion":2586}