{"stats":{"minecraft:killed":{"minecraft:witch":4,"minecraft:spider":10,"minecraft:skeleton":24,"minecraft:chicken":2,"minecraft:wolf":2,"minecraft:pig":4,"minecraft:zombie_villager":1,"minecraft:creeper":7,"minecraft:sheep":5,"minecraft:pillager":42,"minecraft:zombie":329,"minecraft:cow":11,"minecraft:evoker":4,"minecraft:vindicator":10,"minecraft:ravager":1,"minecraft:villager":1,"minecraft:enderman":1},"minecraft:custom":{"minecraft:animals_bred":7,"minecraft:interact_with_crafting_table":82,"minecraft:bell_ring":75,"minecraft:leave_game":12,"minecraft:time_since_death":108938,"minecraft:sprint_one_cm":1525997,"minecraft:damage_blocked_by_shield":4494,"minecraft:drop":131,"minecraft:talked_to_villager":29,"minecraft:deaths":171,"minecraft:jump":8613,"minecraft:walk_on_water_one_cm":58047,"minecraft:enchant_item":8,"minecraft:interact_with_furnace":145,"minecraft:traded_with_villager":44,"minecraft:play_one_minute":544709,"minecraft:sleep_in_bed":10,"minecraft:damage_dealt":39474,"minecraft:player_kills":8,"minecraft:crouch_one_cm":25386,"minecraft:interact_with_smoker":1,"minecraft:interact_with_smithing_table":2,"minecraft:mob_kills":466,"minecraft:interact_with_anvil":12,"minecraft:inspect_hopper":3,"minecraft:climb_one_cm":88600,"minecraft:walk_one_cm":1336383,"minecraft:raid_win":1,"minecraft:sneak_time":11565,"minecraft:walk_under_water_one_cm":48639,"minecraft:time_since_rest":74434,"minecraft:damage_taken":193159,"minecraft:damage_absorbed":135,"minecraft:swim_one_cm":183539,"minecraft:fly_one_cm":1806034,"minecraft:open_chest":240,"minecraft:fall_one_cm":2049619},"minecraft:used":{"minecraft:iron_shovel":193,"minecraft:ladder":9,"minecraft:chest":10,"minecraft:shield":89,"minecraft:iron_sword":244,"minecraft:rotten_flesh":20,"minecraft:spruce_leaves":4,"minecraft:carrot":544,"minecraft:obsidian":13,"minecraft:hay_block":1,"minecraft:furnace":12,"minecraft:egg":1,"minecraft:diorite":8,"minecraft:stone_pickaxe":25,"minecraft:dark_oak_sign":1,"minecraft:wooden_pickaxe":19,"minecraft:composter":1,"minecraft:diamond_axe":4,"minecraft:oak_leaves":82,"minecraft:white_wool":1,"minecraft:sand":8,"minecraft:crossbow":15,"minecraft:bread":26,"minecraft:lectern":1,"minecraft:gravel":4,"minecraft:diamond_sword":285,"minecraft:pufferfish_bucket":1,"minecraft:andesite":2,"minecraft:bone_meal":1011,"minecraft:flint_and_steel":4,"minecraft:oak_door":1,"minecraft:torch":25,"minecraft:dirt":222,"minecraft:cobblestone_wall":18,"minecraft:granite":4,"minecraft:iron_hoe":21,"minecraft:wooden_axe":12,"minecraft:iron_axe":151,"minecraft:totem_of_undying":2,"minecraft:golden_carrot":21,"minecraft:cooked_beef":3,"minecraft:golden_axe":4,"minecraft:wheat_seeds":97,"minecraft:cooked_mutton":17,"minecraft:water_bucket":34,"minecraft:iron_ore":4,"minecraft:cobblestone_stairs":64,"minecraft:mossy_cobblestone":2,"minecraft:crafting_table":5,"minecraft:yellow_stained_glass_pane":21,"minecraft:white_bed":4,"minecraft:diamond_pickaxe":3188,"minecraft:oxeye_daisy":1,"minecraft:diamond_shovel":249,"minecraft:iron_pickaxe":99,"minecraft:stone_axe":62,"minecraft:cobblestone":642,"minecraft:cooked_porkchop":39,"minecraft:bucket":36,"minecraft:glass_pane":26},"minecraft:mined":{"minecraft:white_bed":4,"minecraft:cobblestone_stairs":16,"minecraft:obsidian":31,"minecraft:granite":138,"minecraft:grass_block":135,"minecraft:composter":1,"minecraft:oxeye_daisy":1,"minecraft:iron_ore":240,"minecraft:fire":1,"minecraft:azure_bluet":1,"minecraft:warped_button":36,"minecraft:torch":3,"minecraft:poppy":1,"minecraft:chest":1,"minecraft:white_stained_glass_pane":10,"minecraft:cobblestone":165,"minecraft:sugar_cane":4,"minecraft:wall_torch":3,"minecraft:wheat":66,"minecraft:yellow_stained_glass_pane":4,"minecraft:grass":145,"minecraft:oak_log":4,"minecraft:sand":110,"minecraft:dirt":201,"minecraft:red_mushroom_block":1,"minecraft:oak_leaves":19,"minecraft:diamond_ore":140,"minecraft:crying_obsidian":1,"minecraft:mossy_cobblestone":4,"minecraft:dark_oak_log":84,"minecraft:ladder":4,"minecraft:spruce_leaves":2,"minecraft:sandstone":3,"minecraft:hay_block":2,"minecraft:redstone_ore":45,"minecraft:furnace":9,"minecraft:carrots":532,"minecraft:andesite":156,"minecraft:potatoes":1,"minecraft:cobblestone_slab":1,"minecraft:stone":1778,"minecraft:glass_pane":2,"minecraft:dandelion":4,"minecraft:crafting_table":4,"minecraft:cornflower":1,"minecraft:tall_grass":24,"minecraft:lapis_ore":35,"minecraft:diorite":104,"minecraft:cobblestone_wall":2,"minecraft:grass_path":34,"minecraft:coal_ore":217,"minecraft:gravel":2,"minecraft:gold_ore":197,"minecraft:fern":2},"minecraft:crafted":{"minecraft:oak_planks":16,"minecraft:stone":4,"minecraft:cobblestone_stairs":144,"minecraft:diamond_shovel":1,"minecraft:bookshelf":1,"minecraft:cooked_mutton":17,"minecraft:glass":56,"minecraft:diamond_leggings":1,"minecraft:chest":8,"minecraft:stone_hoe":6,"minecraft:emerald":21,"minecraft:diamond_axe":1,"minecraft:crafting_table":2,"minecraft:wooden_pickaxe":1,"minecraft:iron_helmet":1,"minecraft:apple":60,"minecraft:lectern":1,"minecraft:dark_oak_slab":6,"minecraft:book":4,"minecraft:iron_chestplate":1,"minecraft:paper":15,"minecraft:diamond_pickaxe":1,"minecraft:yellow_dye":3,"minecraft:shield":4,"minecraft:stick":32,"minecraft:iron_ingot":61,"minecraft:iron_pickaxe":2,"minecraft:gold_ingot":164,"minecraft:golden_carrot":63,"minecraft:cookie":36,"minecraft:furnace":6,"minecraft:dark_oak_sign":3,"minecraft:bone_meal":1053,"minecraft:glass_pane":64,"minecraft:flint_and_steel":1,"minecraft:iron_axe":2,"minecraft:iron_hoe":1,"minecraft:stone_pickaxe":1,"minecraft:cobblestone_wall":18,"minecraft:dark_oak_planks":336,"minecraft:wheat":18,"minecraft:cooked_beef":3,"minecraft:diamond_sword":1,"minecraft:iron_sword":1,"minecraft:yellow_stained_glass_pane":24,"minecraft:bucket":2,"minecraft:air":0,"minecraft:blue_dye":1,"minecraft:gold_nugget":504,"minecraft:iron_shovel":1,"minecraft:iron_leggings":1,"minecraft:white_bed":1,"minecraft:torch":40,"minecraft:diamond_chestplate":1},"minecraft:killed_by":{"minecraft:creeper":1,"minecraft:ravager":1,"minecraft:vindicator":8,"minecraft:zombie":1,"minecraft:vex":4,"minecraft:player":11},"minecraft:picked_up":{"minecraft:wooden_axe":3,"minecraft:iron_chestplate":4,"minecraft:wheat":64,"minecraft:diamond_sword":1,"minecraft:enchanted_book":1,"minecraft:string":6,"minecraft:soul_soil":25,"minecraft:smooth_stone_slab":7,"minecraft:iron_leggings":4,"minecraft:oak_sign":3,"minecraft:cobblestone_slab":6,"minecraft:iron_pickaxe":6,"minecraft:furnace":11,"minecraft:iron_boots":5,"minecraft:stick":12,"minecraft:composter":1,"minecraft:torch":34,"minecraft:porkchop":5,"minecraft:golden_axe":1,"minecraft:diorite":210,"minecraft:warped_button":32,"minecraft:stone_sword":1,"minecraft:rotten_flesh":100,"minecraft:iron_block":36,"minecraft:blue_dye":1,"minecraft:obsidian":50,"minecraft:snowball":16,"minecraft:cobblestone":2642,"minecraft:nautilus_shell":1,"minecraft:magma_block":13,"minecraft:cooked_beef":1,"minecraft:feather":3,"minecraft:water_bucket":5,"minecraft:andesite":224,"minecraft:brown_wool":1,"minecraft:potato":6,"minecraft:flint":3,"minecraft:lapis_lazuli":439,"minecraft:dirt":1033,"minecraft:name_tag":1,"minecraft:glass":21,"minecraft:bone":312,"minecraft:bow":2,"minecraft:wheat_seeds":225,"minecraft:glowstone_dust":1,"minecraft:oak_planks":79,"minecraft:cooked_porkchop":97,"minecraft:sand":111,"minecraft:ink_sac":1,"minecraft:grass_block":44,"minecraft:dark_oak_log":84,"minecraft:mossy_cobblestone":11,"minecraft:sugar":6,"minecraft:diamond":156,"minecraft:crossbow":7,"minecraft:granite":211,"minecraft:golden_apple":24,"minecraft:bread":68,"minecraft:emerald":18,"minecraft:oak_sapling":6,"minecraft:oak_leaves":205,"minecraft:diamond_pickaxe":7,"minecraft:spruce_leaves":98,"minecraft:charcoal":4,"minecraft:crafting_table":4,"minecraft:azure_bluet":2,"minecraft:chicken":2,"minecraft:ladder":20,"minecraft:wooden_pickaxe":4,"minecraft:gold_block":3,"minecraft:shield":9,"minecraft:cornflower":1,"minecraft:iron_axe":7,"minecraft:iron_shovel":3,"minecraft:beef":20,"minecraft:chest":2,"minecraft:sugar_cane":6,"minecraft:egg":1,"minecraft:sandstone":3,"minecraft:stone":8,"minecraft:oak_door":1,"minecraft:carrot":1713,"minecraft:redstone":506,"minecraft:dark_oak_planks":88,"minecraft:arrow":39,"minecraft:diamond_boots":1,"minecraft:hay_block":65,"minecraft:totem_of_undying":6,"minecraft:saddle":2,"minecraft:gold_ingot":20,"minecraft:mutton":11,"minecraft:white_wool":4,"minecraft:oxeye_daisy":2,"minecraft:leather":14,"minecraft:oak_log":4,"minecraft:gunpowder":18,"minecraft:cobblestone_wall":7,"minecraft:cobblestone_stairs":19,"minecraft:paper":1,"minecraft:white_banner":4,"minecraft:cooked_mutton":18,"minecraft:cobweb":63,"minecraft:pufferfish_bucket":2,"minecraft:iron_ingot":59,"minecraft:stone_pickaxe":4,"minecraft:iron_ore":299,"minecraft:iron_sword":5,"minecraft:book":2,"minecraft:sweet_berries":7,"minecraft:dandelion":8,"minecraft:gravel":19,"minecraft:spruce_sapling":6,"minecraft:white_bed":3,"minecraft:gold_ore":205,"minecraft:crying_obsidian":1,"minecraft:spider_eye":5,"minecraft:stone_axe":2,"minecraft:light_blue_carpet":3,"minecraft:iron_helmet":2,"minecraft:black_wool":4,"minecraft:coal":371,"minecraft:ender_pearl":1},"minecraft:dropped":{"minecraft:lapis_lazuli":20,"minecraft:diamond":42,"minecraft:cooked_porkchop":1,"minecraft:crossbow":1,"minecraft:leather":5,"minecraft:emerald":1,"minecraft:spruce_leaves":47,"minecraft:dirt":483,"minecraft:sand":16,"minecraft:iron_pickaxe":3,"minecraft:gold_ingot":128,"minecraft:gravel":3,"minecraft:sugar_cane":6,"minecraft:obsidian":15,"minecraft:rotten_flesh":10,"minecraft:oak_planks":30,"minecraft:cooked_mutton":1,"minecraft:gunpowder":8,"minecraft:iron_ore":8,"minecraft:arrow":12,"minecraft:beef":3,"minecraft:oak_leaves":76,"minecraft:water_bucket":1,"minecraft:stone_hoe":6,"minecraft:wheat_seeds":10,"minecraft:cobblestone":478,"minecraft:granite":62,"minecraft:grass_block":64,"minecraft:golden_apple":8,"minecraft:stick":4,"minecraft:blue_dye":1,"minecraft:diorite":114,"minecraft:golden_carrot":32,"minecraft:brown_wool":1,"minecraft:iron_leggings":2,"minecraft:iron_axe":2,"minecraft:bucket":1,"minecraft:redstone":12,"minecraft:sweet_berries":5,"minecraft:soul_soil":25,"minecraft:dark_oak_sign":2,"minecraft:iron_boots":1,"minecraft:shield":3,"minecraft:diamond_pickaxe":3,"minecraft:andesite":106,"minecraft:oak_sapling":1,"minecraft:spider_eye":2,"minecraft:sandstone":3,"minecraft:stone_pickaxe":3,"minecraft:magma_block":13}},"DataVersion":2586}