{"stats":{"minecraft:crafted":{"minecraft:oak_planks":16,"minecraft:furnace":4,"minecraft:cooked_mutton":17,"minecraft:iron_axe":2,"minecraft:stone_pickaxe":1,"minecraft:chest":2,"minecraft:dark_oak_planks":164,"minecraft:cooked_beef":3,"minecraft:crafting_table":1,"minecraft:iron_helmet":1,"minecraft:wooden_pickaxe":1,"minecraft:iron_sword":1,"minecraft:bucket":2,"minecraft:air":0,"minecraft:blue_dye":1,"minecraft:iron_chestplate":1,"minecraft:shield":3,"minecraft:stick":24,"minecraft:iron_ingot":61,"minecraft:iron_pickaxe":2,"minecraft:gold_ingot":9,"minecraft:iron_shovel":1,"minecraft:iron_leggings":1,"minecraft:white_bed":1,"minecraft:torch":40},"minecraft:killed_by":{"minecraft:player":11,"minecraft:creeper":1,"minecraft:vindicator":7,"minecraft:zombie":1,"minecraft:vex":3},"minecraft:used":{"minecraft:iron_shovel":103,"minecraft:chest":3,"minecraft:shield":72,"minecraft:iron_sword":176,"minecraft:rotten_flesh":20,"minecraft:spruce_leaves":4,"minecraft:torch":18,"minecraft:dirt":48,"minecraft:carrot":3,"minecraft:granite":4,"minecraft:obsidian":2,"minecraft:wooden_axe":12,"minecraft:iron_axe":94,"minecraft:totem_of_undying":2,"minecraft:hay_block":1,"minecraft:furnace":8,"minecraft:egg":1,"minecraft:cooked_beef":3,"minecraft:golden_axe":4,"minecraft:cooked_mutton":17,"minecraft:water_bucket":7,"minecraft:diorite":8,"minecraft:iron_ore":4,"minecraft:stone_pickaxe":25,"minecraft:wooden_pickaxe":19,"minecraft:oak_leaves":82,"minecraft:white_wool":1,"minecraft:sand":8,"minecraft:crafting_table":3,"minecraft:crossbow":5,"minecraft:white_bed":4,"minecraft:diamond_pickaxe":900,"minecraft:oxeye_daisy":1,"minecraft:bread":1,"minecraft:iron_pickaxe":99,"minecraft:gravel":4,"minecraft:stone_axe":62,"minecraft:cobblestone":127,"minecraft:pufferfish_bucket":1,"minecraft:cooked_porkchop":12,"minecraft:bucket":9,"minecraft:andesite":2},"minecraft:picked_up":{"minecraft:wooden_axe":3,"minecraft:spruce_leaves":51,"minecraft:charcoal":2,"minecraft:crafting_table":3,"minecraft:iron_chestplate":1,"minecraft:azure_bluet":2,"minecraft:wooden_pickaxe":4,"minecraft:shield":5,"minecraft:cornflower":1,"minecraft:string":2,"minecraft:iron_axe":3,"minecraft:iron_leggings":1,"minecraft:iron_shovel":1,"minecraft:beef":8,"minecraft:iron_pickaxe":6,"minecraft:sugar_cane":6,"minecraft:chest":1,"minecraft:egg":1,"minecraft:iron_boots":3,"minecraft:furnace":7,"minecraft:stick":3,"minecraft:torch":8,"minecraft:porkchop":5,"minecraft:golden_axe":1,"minecraft:diorite":34,"minecraft:warped_button":32,"minecraft:carrot":3,"minecraft:redstone":94,"minecraft:arrow":13,"minecraft:rotten_flesh":51,"minecraft:hay_block":63,"minecraft:blue_dye":1,"minecraft:totem_of_undying":2,"minecraft:gold_ingot":6,"minecraft:obsidian":30,"minecraft:mutton":9,"minecraft:snowball":16,"minecraft:white_wool":4,"minecraft:cobblestone":769,"minecraft:oxeye_daisy":2,"minecraft:cooked_beef":1,"minecraft:water_bucket":3,"minecraft:andesite":49,"minecraft:brown_wool":1,"minecraft:leather":5,"minecraft:potato":1,"minecraft:flint":2,"minecraft:oak_log":4,"minecraft:gunpowder":6,"minecraft:lapis_lazuli":144,"minecraft:dirt":181,"minecraft:white_banner":2,"minecraft:name_tag":1,"minecraft:cooked_mutton":10,"minecraft:bone":209,"minecraft:bow":1,"minecraft:wheat_seeds":11,"minecraft:pufferfish_bucket":2,"minecraft:stone_pickaxe":4,"minecraft:iron_ingot":27,"minecraft:iron_ore":186,"minecraft:iron_sword":1,"minecraft:oak_planks":77,"minecraft:book":2,"minecraft:cooked_porkchop":65,"minecraft:sweet_berries":7,"minecraft:gravel":18,"minecraft:sand":18,"minecraft:ink_sac":1,"minecraft:white_bed":3,"minecraft:dark_oak_log":41,"minecraft:gold_ore":26,"minecraft:crying_obsidian":1,"minecraft:spider_eye":2,"minecraft:sugar":4,"minecraft:diamond":43,"minecraft:stone_axe":2,"minecraft:iron_helmet":1,"minecraft:granite":30,"minecraft:crossbow":5,"minecraft:bread":35,"minecraft:emerald":4,"minecraft:oak_sapling":6,"minecraft:black_wool":4,"minecraft:oak_leaves":205,"minecraft:coal":145,"minecraft:diamond_pickaxe":4},"minecraft:mined":{"minecraft:diamond_ore":43,"minecraft:crying_obsidian":1,"minecraft:white_bed":3,"minecraft:dark_oak_log":41,"minecraft:obsidian":22,"minecraft:granite":26,"minecraft:grass_block":49,"minecraft:spruce_leaves":2,"minecraft:oxeye_daisy":1,"minecraft:redstone_ore":13,"minecraft:furnace":7,"minecraft:carrots":1,"minecraft:iron_ore":143,"minecraft:andesite":41,"minecraft:azure_bluet":1,"minecraft:potatoes":1,"minecraft:warped_button":36,"minecraft:stone":551,"minecraft:crafting_table":3,"minecraft:cornflower":1,"minecraft:poppy":1,"minecraft:chest":1,"minecraft:tall_grass":14,"minecraft:cobblestone":13,"minecraft:lapis_ore":6,"minecraft:sugar_cane":4,"minecraft:diorite":15,"minecraft:wall_torch":1,"minecraft:wheat":2,"minecraft:grass":42,"minecraft:oak_log":4,"minecraft:coal_ore":98,"minecraft:sand":14,"minecraft:dirt":77,"minecraft:red_mushroom_block":1,"minecraft:gold_ore":26,"minecraft:oak_leaves":13,"minecraft:fern":2},"minecraft:killed":{"minecraft:evoker":2,"minecraft:spider":4,"minecraft:vindicator":8,"minecraft:skeleton":9,"minecraft:pig":4,"minecraft:creeper":1,"minecraft:sheep":5,"minecraft:pillager":36,"minecraft:zombie":17,"minecraft:cow":4},"minecraft:custom":{"minecraft:interact_with_anvil":9,"minecraft:mob_kills":97,"minecraft:animals_bred":5,"minecraft:interact_with_crafting_table":37,"minecraft:leave_game":5,"minecraft:time_since_death":105880,"minecraft:climb_one_cm":1279,"minecraft:sprint_one_cm":751431,"minecraft:walk_one_cm":546667,"minecraft:damage_blocked_by_shield":3085,"minecraft:drop":59,"minecraft:talked_to_villager":3,"minecraft:deaths":166,"minecraft:sneak_time":6779,"minecraft:walk_under_water_one_cm":26396,"minecraft:jump":4417,"minecraft:enchant_item":2,"minecraft:walk_on_water_one_cm":40073,"minecraft:interact_with_furnace":100,"minecraft:play_one_minute":251765,"minecraft:sleep_in_bed":5,"minecraft:time_since_rest":43520,"minecraft:damage_taken":187943,"minecraft:damage_absorbed":135,"minecraft:damage_dealt":19666,"minecraft:player_kills":8,"minecraft:swim_one_cm":72221,"minecraft:fly_one_cm":863605,"minecraft:open_chest":45,"minecraft:crouch_one_cm":10655,"minecraft:fall_one_cm":1946369},"minecraft:dropped":{"minecraft:water_bucket":1,"minecraft:wheat_seeds":4,"minecraft:lapis_lazuli":20,"minecraft:cooked_porkchop":1,"minecraft:crossbow":1,"minecraft:cobblestone":23,"minecraft:leather":5,"minecraft:stick":1,"minecraft:spruce_leaves":47,"minecraft:dirt":2,"minecraft:blue_dye":1,"minecraft:diorite":19,"minecraft:brown_wool":1,"minecraft:iron_axe":2,"minecraft:sand":4,"minecraft:iron_pickaxe":3,"minecraft:bucket":1,"minecraft:redstone":12,"minecraft:gravel":2,"minecraft:sweet_berries":5,"minecraft:sugar_cane":6,"minecraft:obsidian":15,"minecraft:rotten_flesh":3,"minecraft:iron_boots":1,"minecraft:oak_planks":30,"minecraft:cooked_mutton":1,"minecraft:shield":2,"minecraft:gunpowder":6,"minecraft:diamond_pickaxe":2,"minecraft:oak_sapling":1,"minecraft:stone_pickaxe":3,"minecraft:beef":3,"minecraft:oak_leaves":76}},"DataVersion":2586}