{"stats":{"minecraft:crafted":{"minecraft:golden_carrot":63,"minecraft:cookie":36,"minecraft:oak_planks":16,"minecraft:furnace":6,"minecraft:cobblestone_stairs":20,"minecraft:stone":4,"minecraft:dark_oak_sign":3,"minecraft:bone_meal":1053,"minecraft:diamond_shovel":1,"minecraft:glass_pane":64,"minecraft:cooked_mutton":17,"minecraft:flint_and_steel":1,"minecraft:glass":56,"minecraft:diamond_leggings":1,"minecraft:iron_axe":2,"minecraft:iron_hoe":1,"minecraft:stone_pickaxe":1,"minecraft:cobblestone_wall":18,"minecraft:chest":8,"minecraft:dark_oak_planks":336,"minecraft:stone_hoe":6,"minecraft:wheat":18,"minecraft:cooked_beef":3,"minecraft:diamond_sword":1,"minecraft:emerald":21,"minecraft:diamond_axe":1,"minecraft:crafting_table":2,"minecraft:wooden_pickaxe":1,"minecraft:iron_helmet":1,"minecraft:iron_sword":1,"minecraft:yellow_stained_glass_pane":24,"minecraft:bucket":2,"minecraft:air":0,"minecraft:blue_dye":1,"minecraft:apple":60,"minecraft:dark_oak_slab":6,"minecraft:yellow_dye":3,"minecraft:iron_chestplate":1,"minecraft:diamond_pickaxe":1,"minecraft:gold_nugget":504,"minecraft:shield":4,"minecraft:stick":32,"minecraft:iron_ingot":61,"minecraft:iron_pickaxe":2,"minecraft:iron_shovel":1,"minecraft:iron_leggings":1,"minecraft:gold_ingot":164,"minecraft:white_bed":1,"minecraft:torch":40,"minecraft:diamond_chestplate":1},"minecraft:killed_by":{"minecraft:player":11,"minecraft:creeper":1,"minecraft:ravager":1,"minecraft:vindicator":8,"minecraft:zombie":1,"minecraft:vex":4},"minecraft:used":{"minecraft:iron_shovel":193,"minecraft:flint_and_steel":2,"minecraft:ladder":9,"minecraft:chest":10,"minecraft:shield":88,"minecraft:iron_sword":244,"minecraft:rotten_flesh":20,"minecraft:spruce_leaves":4,"minecraft:torch":24,"minecraft:dirt":183,"minecraft:cobblestone_wall":18,"minecraft:carrot":544,"minecraft:granite":4,"minecraft:obsidian":13,"minecraft:wooden_axe":12,"minecraft:iron_hoe":21,"minecraft:iron_axe":151,"minecraft:totem_of_undying":2,"minecraft:golden_carrot":21,"minecraft:hay_block":1,"minecraft:furnace":12,"minecraft:egg":1,"minecraft:cooked_beef":3,"minecraft:golden_axe":4,"minecraft:wheat_seeds":97,"minecraft:cooked_mutton":17,"minecraft:water_bucket":30,"minecraft:iron_ore":4,"minecraft:diorite":8,"minecraft:stone_pickaxe":25,"minecraft:dark_oak_sign":1,"minecraft:wooden_pickaxe":19,"minecraft:composter":1,"minecraft:diamond_axe":4,"minecraft:oak_leaves":82,"minecraft:white_wool":1,"minecraft:mossy_cobblestone":2,"minecraft:sand":8,"minecraft:crafting_table":5,"minecraft:yellow_stained_glass_pane":21,"minecraft:crossbow":15,"minecraft:white_bed":4,"minecraft:diamond_pickaxe":2885,"minecraft:diamond_shovel":236,"minecraft:oxeye_daisy":1,"minecraft:bread":16,"minecraft:iron_pickaxe":99,"minecraft:gravel":4,"minecraft:stone_axe":62,"minecraft:diamond_sword":266,"minecraft:pufferfish_bucket":1,"minecraft:cobblestone":610,"minecraft:cooked_porkchop":39,"minecraft:andesite":2,"minecraft:bucket":32,"minecraft:glass_pane":26,"minecraft:bone_meal":1011},"minecraft:picked_up":{"minecraft:spruce_leaves":98,"minecraft:charcoal":4,"minecraft:iron_chestplate":4,"minecraft:crafting_table":4,"minecraft:wheat":64,"minecraft:azure_bluet":2,"minecraft:chicken":2,"minecraft:ladder":20,"minecraft:diamond_sword":1,"minecraft:wooden_pickaxe":4,"minecraft:gold_block":3,"minecraft:enchanted_book":1,"minecraft:shield":9,"minecraft:cornflower":1,"minecraft:string":3,"minecraft:iron_axe":7,"minecraft:smooth_stone_slab":7,"minecraft:iron_leggings":4,"minecraft:iron_shovel":3,"minecraft:oak_sign":3,"minecraft:beef":20,"minecraft:cobblestone_slab":6,"minecraft:iron_pickaxe":6,"minecraft:sugar_cane":6,"minecraft:chest":2,"minecraft:furnace":11,"minecraft:iron_boots":5,"minecraft:egg":1,"minecraft:stick":12,"minecraft:sandstone":3,"minecraft:stone":8,"minecraft:composter":1,"minecraft:torch":31,"minecraft:porkchop":5,"minecraft:golden_axe":1,"minecraft:diorite":172,"minecraft:warped_button":32,"minecraft:carrot":1713,"minecraft:redstone":488,"minecraft:dark_oak_planks":88,"minecraft:stone_sword":1,"minecraft:arrow":39,"minecraft:rotten_flesh":100,"minecraft:diamond_boots":1,"minecraft:hay_block":65,"minecraft:blue_dye":1,"minecraft:iron_block":36,"minecraft:saddle":2,"minecraft:gold_ingot":20,"minecraft:totem_of_undying":6,"minecraft:mutton":11,"minecraft:obsidian":50,"minecraft:snowball":16,"minecraft:white_wool":4,"minecraft:cobblestone":2435,"minecraft:oxeye_daisy":2,"minecraft:nautilus_shell":1,"minecraft:feather":3,"minecraft:cooked_beef":1,"minecraft:water_bucket":5,"minecraft:andesite":219,"minecraft:leather":14,"minecraft:brown_wool":1,"minecraft:potato":6,"minecraft:flint":3,"minecraft:oak_log":4,"minecraft:cobblestone_stairs":11,"minecraft:cobblestone_wall":7,"minecraft:gunpowder":18,"minecraft:lapis_lazuli":356,"minecraft:dirt":579,"minecraft:paper":1,"minecraft:white_banner":4,"minecraft:name_tag":1,"minecraft:cooked_mutton":18,"minecraft:glass":21,"minecraft:bone":309,"minecraft:bow":2,"minecraft:wheat_seeds":225,"minecraft:iron_ore":283,"minecraft:iron_ingot":59,"minecraft:pufferfish_bucket":2,"minecraft:stone_pickaxe":4,"minecraft:cobweb":63,"minecraft:glowstone_dust":1,"minecraft:oak_planks":79,"minecraft:iron_sword":5,"minecraft:book":2,"minecraft:cooked_porkchop":97,"minecraft:sweet_berries":7,"minecraft:dandelion":8,"minecraft:gravel":19,"minecraft:sand":110,"minecraft:spruce_sapling":6,"minecraft:ink_sac":1,"minecraft:white_bed":3,"minecraft:gold_ore":165,"minecraft:crying_obsidian":1,"minecraft:dark_oak_log":84,"minecraft:spider_eye":4,"minecraft:mossy_cobblestone":4,"minecraft:sugar":6,"minecraft:diamond":142,"minecraft:stone_axe":2,"minecraft:light_blue_carpet":3,"minecraft:iron_helmet":2,"minecraft:crossbow":7,"minecraft:granite":164,"minecraft:ender_pearl":1,"minecraft:emerald":18,"minecraft:bread":68,"minecraft:oak_sapling":6,"minecraft:black_wool":4,"minecraft:coal":371,"minecraft:oak_leaves":205,"minecraft:diamond_pickaxe":7,"minecraft:wooden_axe":3},"minecraft:mined":{"minecraft:diamond_ore":126,"minecraft:crying_obsidian":1,"minecraft:mossy_cobblestone":4,"minecraft:white_bed":4,"minecraft:cobblestone_stairs":11,"minecraft:dark_oak_log":84,"minecraft:obsidian":31,"minecraft:ladder":4,"minecraft:granite":90,"minecraft:grass_block":130,"minecraft:spruce_leaves":2,"minecraft:composter":1,"minecraft:oxeye_daisy":1,"minecraft:sandstone":3,"minecraft:hay_block":2,"minecraft:redstone_ore":40,"minecraft:furnace":9,"minecraft:carrots":532,"minecraft:iron_ore":224,"minecraft:fire":1,"minecraft:andesite":150,"minecraft:azure_bluet":1,"minecraft:potatoes":1,"minecraft:cobblestone_slab":1,"minecraft:warped_button":36,"minecraft:stone":1639,"minecraft:glass_pane":2,"minecraft:dandelion":4,"minecraft:torch":3,"minecraft:cornflower":1,"minecraft:crafting_table":4,"minecraft:poppy":1,"minecraft:chest":1,"minecraft:white_stained_glass_pane":10,"minecraft:tall_grass":24,"minecraft:cobblestone":164,"minecraft:lapis_ore":23,"minecraft:sugar_cane":4,"minecraft:diorite":88,"minecraft:wall_torch":2,"minecraft:cobblestone_wall":2,"minecraft:wheat":66,"minecraft:grass_path":34,"minecraft:yellow_stained_glass_pane":4,"minecraft:grass":142,"minecraft:coal_ore":217,"minecraft:oak_log":4,"minecraft:sand":109,"minecraft:gravel":2,"minecraft:dirt":193,"minecraft:red_mushroom_block":1,"minecraft:gold_ore":157,"minecraft:oak_leaves":19,"minecraft:fern":2},"minecraft:killed":{"minecraft:evoker":4,"minecraft:witch":4,"minecraft:vindicator":10,"minecraft:spider":7,"minecraft:skeleton":22,"minecraft:chicken":2,"minecraft:wolf":2,"minecraft:pig":4,"minecraft:zombie_villager":1,"minecraft:ravager":1,"minecraft:creeper":6,"minecraft:sheep":5,"minecraft:pillager":42,"minecraft:zombie":329,"minecraft:villager":1,"minecraft:enderman":1,"minecraft:cow":11},"minecraft:custom":{"minecraft:interact_with_smithing_table":2,"minecraft:interact_with_anvil":9,"minecraft:mob_kills":460,"minecraft:animals_bred":7,"minecraft:inspect_hopper":3,"minecraft:interact_with_crafting_table":74,"minecraft:bell_ring":75,"minecraft:leave_game":10,"minecraft:time_since_death":69769,"minecraft:climb_one_cm":79231,"minecraft:sprint_one_cm":1424517,"minecraft:walk_one_cm":1259481,"minecraft:damage_blocked_by_shield":4454,"minecraft:drop":115,"minecraft:talked_to_villager":29,"minecraft:raid_win":1,"minecraft:deaths":171,"minecraft:sneak_time":11376,"minecraft:walk_under_water_one_cm":35280,"minecraft:jump":7972,"minecraft:enchant_item":8,"minecraft:walk_on_water_one_cm":53188,"minecraft:interact_with_furnace":145,"minecraft:traded_with_villager":44,"minecraft:play_one_minute":505540,"minecraft:sleep_in_bed":10,"minecraft:time_since_rest":35265,"minecraft:damage_taken":192957,"minecraft:damage_absorbed":135,"minecraft:damage_dealt":38380,"minecraft:player_kills":8,"minecraft:swim_one_cm":74098,"minecraft:fly_one_cm":1633647,"minecraft:open_chest":206,"minecraft:crouch_one_cm":25386,"minecraft:fall_one_cm":2035726,"minecraft:interact_with_smoker":1},"minecraft:dropped":{"minecraft:water_bucket":1,"minecraft:wheat_seeds":10,"minecraft:lapis_lazuli":20,"minecraft:diamond":42,"minecraft:cooked_porkchop":1,"minecraft:crossbow":1,"minecraft:cobblestone":390,"minecraft:leather":5,"minecraft:granite":62,"minecraft:emerald":1,"minecraft:stick":4,"minecraft:spruce_leaves":47,"minecraft:dirt":35,"minecraft:blue_dye":1,"minecraft:diorite":92,"minecraft:golden_carrot":32,"minecraft:brown_wool":1,"minecraft:iron_leggings":2,"minecraft:sand":16,"minecraft:iron_axe":2,"minecraft:iron_pickaxe":3,"minecraft:bucket":1,"minecraft:redstone":12,"minecraft:gravel":3,"minecraft:sweet_berries":5,"minecraft:sugar_cane":6,"minecraft:dark_oak_sign":2,"minecraft:obsidian":15,"minecraft:rotten_flesh":10,"minecraft:oak_planks":30,"minecraft:iron_boots":1,"minecraft:cooked_mutton":1,"minecraft:shield":3,"minecraft:gunpowder":8,"minecraft:diamond_pickaxe":3,"minecraft:andesite":106,"minecraft:oak_sapling":1,"minecraft:spider_eye":2,"minecraft:sandstone":3,"minecraft:iron_ore":8,"minecraft:arrow":12,"minecraft:beef":3,"minecraft:stone_pickaxe":3,"minecraft:oak_leaves":76,"minecraft:stone_hoe":6}},"DataVersion":2586}