{"stats":{"minecraft:killed":{"minecraft:witch":4,"minecraft:spider":10,"minecraft:skeleton":25,"minecraft:chicken":2,"minecraft:wolf":2,"minecraft:piglin":4,"minecraft:pig":4,"minecraft:zombie_villager":1,"minecraft:creeper":8,"minecraft:sheep":5,"minecraft:pillager":42,"minecraft:zombie":341,"minecraft:cow":11,"minecraft:evoker":4,"minecraft:vindicator":10,"minecraft:phantom":8,"minecraft:ravager":1,"minecraft:hoglin":5,"minecraft:squid":1,"minecraft:villager":1,"minecraft:enderman":2},"minecraft:custom":{"minecraft:animals_bred":13,"minecraft:interact_with_crafting_table":94,"minecraft:bell_ring":75,"minecraft:leave_game":14,"minecraft:time_since_death":180279,"minecraft:sprint_one_cm":1705148,"minecraft:damage_blocked_by_shield":4574,"minecraft:drop":240,"minecraft:talked_to_villager":29,"minecraft:deaths":171,"minecraft:jump":9608,"minecraft:interact_with_brewingstand":2,"minecraft:walk_on_water_one_cm":59202,"minecraft:enchant_item":9,"minecraft:interact_with_furnace":210,"minecraft:traded_with_villager":44,"minecraft:play_one_minute":616050,"minecraft:sleep_in_bed":10,"minecraft:damage_dealt":46622,"minecraft:player_kills":8,"minecraft:crouch_one_cm":28094,"minecraft:interact_with_smoker":6,"minecraft:interact_with_smithing_table":4,"minecraft:mob_kills":499,"minecraft:interact_with_anvil":14,"minecraft:inspect_hopper":3,"minecraft:climb_one_cm":102965,"minecraft:walk_one_cm":1551469,"minecraft:raid_win":1,"minecraft:sneak_time":13060,"minecraft:walk_under_water_one_cm":48639,"minecraft:interact_with_lectern":2,"minecraft:interact_with_blast_furnace":5,"minecraft:time_since_rest":145775,"minecraft:damage_taken":194047,"minecraft:damage_absorbed":135,"minecraft:swim_one_cm":183539,"minecraft:fly_one_cm":2003275,"minecraft:open_chest":314,"minecraft:fall_one_cm":2063844},"minecraft:mined":{"minecraft:white_bed":4,"minecraft:cobblestone_stairs":16,"minecraft:obsidian":31,"minecraft:granite":159,"minecraft:grass_block":135,"minecraft:composter":1,"minecraft:crimson_fungus":3,"minecraft:oxeye_daisy":1,"minecraft:weeping_vines_plant":2,"minecraft:magma_block":16,"minecraft:glowstone":9,"minecraft:iron_ore":257,"minecraft:fire":2,"minecraft:azure_bluet":1,"minecraft:warped_button":36,"minecraft:blackstone":15,"minecraft:smoker":1,"minecraft:crimson_nylium":7,"minecraft:torch":4,"minecraft:poppy":1,"minecraft:chest":2,"minecraft:white_stained_glass_pane":10,"minecraft:nether_quartz_ore":16,"minecraft:cobblestone":175,"minecraft:sugar_cane":4,"minecraft:wall_torch":5,"minecraft:nether_wart_block":5,"minecraft:wheat":99,"minecraft:yellow_stained_glass_pane":4,"minecraft:grass":152,"minecraft:oak_log":4,"minecraft:sand":110,"minecraft:dirt":202,"minecraft:red_mushroom_block":1,"minecraft:ancient_debris":21,"minecraft:netherrack":1705,"minecraft:oak_leaves":19,"minecraft:nether_gold_ore":1,"minecraft:diamond_ore":148,"minecraft:crying_obsidian":1,"minecraft:mossy_cobblestone":4,"minecraft:dark_oak_leaves":3,"minecraft:dark_oak_log":130,"minecraft:ladder":4,"minecraft:crimson_roots":13,"minecraft:weeping_vines":2,"minecraft:spruce_leaves":2,"minecraft:sandstone":3,"minecraft:crimson_stem":8,"minecraft:hay_block":2,"minecraft:redstone_ore":45,"minecraft:furnace":15,"minecraft:carrots":532,"minecraft:andesite":163,"minecraft:potatoes":1,"minecraft:cobblestone_slab":1,"minecraft:stone":1920,"minecraft:glass_pane":2,"minecraft:dandelion":4,"minecraft:crafting_table":4,"minecraft:cornflower":1,"minecraft:tall_grass":24,"minecraft:lapis_ore":36,"minecraft:diorite":111,"minecraft:cobblestone_wall":2,"minecraft:dark_oak_wall_sign":1,"minecraft:grass_path":34,"minecraft:coal_ore":236,"minecraft:gravel":8,"minecraft:gold_ore":226,"minecraft:fern":2},"minecraft:crafted":{"minecraft:oak_planks":16,"minecraft:smooth_stone":40,"minecraft:stone":68,"minecraft:cobblestone_stairs":144,"minecraft:diamond_shovel":1,"minecraft:bookshelf":1,"minecraft:cooked_mutton":17,"minecraft:glass":56,"minecraft:diamond_leggings":1,"minecraft:chest":16,"minecraft:stone_hoe":6,"minecraft:smoker":2,"minecraft:emerald":21,"minecraft:diamond_axe":1,"minecraft:crafting_table":3,"minecraft:wooden_pickaxe":1,"minecraft:iron_helmet":1,"minecraft:apple":60,"minecraft:lectern":1,"minecraft:dark_oak_slab":6,"minecraft:iron_chestplate":1,"minecraft:book":4,"minecraft:paper":15,"minecraft:diamond_pickaxe":1,"minecraft:yellow_dye":3,"minecraft:shield":4,"minecraft:stick":36,"minecraft:iron_ingot":94,"minecraft:iron_pickaxe":2,"minecraft:gold_ingot":244,"minecraft:golden_carrot":99,"minecraft:cookie":36,"minecraft:furnace":14,"minecraft:blast_furnace":4,"minecraft:dark_oak_sign":3,"minecraft:bone_meal":1053,"minecraft:glass_pane":64,"minecraft:flint_and_steel":1,"minecraft:iron_axe":2,"minecraft:iron_hoe":1,"minecraft:stone_pickaxe":1,"minecraft:cobblestone_wall":18,"minecraft:dark_oak_planks":336,"minecraft:golden_helmet":1,"minecraft:wheat":18,"minecraft:cooked_beef":3,"minecraft:crimson_planks":32,"minecraft:diamond_sword":3,"minecraft:iron_sword":1,"minecraft:yellow_stained_glass_pane":24,"minecraft:bucket":2,"minecraft:air":0,"minecraft:blue_dye":1,"minecraft:gold_nugget":792,"minecraft:writable_book":1,"minecraft:iron_shovel":1,"minecraft:iron_leggings":1,"minecraft:white_bed":1,"minecraft:torch":40,"minecraft:diamond_chestplate":1},"minecraft:used":{"minecraft:writable_book":2,"minecraft:iron_shovel":193,"minecraft:ladder":9,"minecraft:chest":19,"minecraft:shield":92,"minecraft:iron_sword":244,"minecraft:rotten_flesh":20,"minecraft:spruce_leaves":4,"minecraft:carrot":544,"minecraft:obsidian":13,"minecraft:bow":6,"minecraft:hay_block":1,"minecraft:furnace":22,"minecraft:egg":1,"minecraft:diorite":8,"minecraft:stone_pickaxe":25,"minecraft:dark_oak_sign":2,"minecraft:wooden_pickaxe":19,"minecraft:composter":1,"minecraft:diamond_axe":63,"minecraft:oak_leaves":82,"minecraft:white_wool":1,"minecraft:sand":8,"minecraft:blast_furnace":4,"minecraft:crossbow":25,"minecraft:bread":29,"minecraft:lectern":1,"minecraft:gravel":4,"minecraft:nether_wart_block":2,"minecraft:diamond_sword":433,"minecraft:fire_charge":1,"minecraft:pufferfish_bucket":1,"minecraft:andesite":2,"minecraft:bone_meal":1011,"minecraft:flint_and_steel":4,"minecraft:netherrack":14,"minecraft:oak_door":1,"minecraft:torch":27,"minecraft:dirt":227,"minecraft:cobblestone_wall":18,"minecraft:granite":50,"minecraft:iron_hoe":21,"minecraft:wooden_axe":12,"minecraft:iron_axe":151,"minecraft:totem_of_undying":2,"minecraft:golden_carrot":35,"minecraft:cooked_beef":3,"minecraft:golden_axe":4,"minecraft:wheat_seeds":130,"minecraft:cooked_mutton":17,"minecraft:water_bucket":40,"minecraft:iron_ore":4,"minecraft:cobblestone_stairs":64,"minecraft:mossy_cobblestone":2,"minecraft:crafting_table":6,"minecraft:yellow_stained_glass_pane":21,"minecraft:white_bed":4,"minecraft:smoker":3,"minecraft:diamond_pickaxe":5258,"minecraft:oxeye_daisy":1,"minecraft:diamond_shovel":249,"minecraft:iron_pickaxe":99,"minecraft:stone_axe":62,"minecraft:cobblestone":647,"minecraft:cooked_porkchop":39,"minecraft:bucket":42,"minecraft:glass_pane":26},"minecraft:killed_by":{"minecraft:creeper":1,"minecraft:ravager":1,"minecraft:vindicator":8,"minecraft:zombie":1,"minecraft:vex":4,"minecraft:player":11},"minecraft:picked_up":{"minecraft:wooden_axe":3,"minecraft:iron_chestplate":4,"minecraft:wheat":97,"minecraft:diamond_sword":1,"minecraft:potion":1,"minecraft:enchanted_book":1,"minecraft:nether_brick":13,"minecraft:string":28,"minecraft:soul_soil":25,"minecraft:smooth_stone_slab":7,"minecraft:iron_leggings":4,"minecraft:oak_sign":3,"minecraft:smooth_stone":20,"minecraft:dark_oak_leaves":3,"minecraft:cobblestone_slab":6,"minecraft:iron_pickaxe":6,"minecraft:enchanted_golden_apple":1,"minecraft:furnace":17,"minecraft:iron_boots":6,"minecraft:stick":12,"minecraft:composter":1,"minecraft:torch":36,"minecraft:porkchop":28,"minecraft:golden_axe":1,"minecraft:diorite":217,"minecraft:warped_button":32,"minecraft:stone_sword":1,"minecraft:rotten_flesh":102,"minecraft:iron_block":72,"minecraft:blue_dye":1,"minecraft:obsidian":53,"minecraft:snowball":16,"minecraft:cobblestone":2800,"minecraft:nautilus_shell":2,"minecraft:magma_block":26,"minecraft:cooked_beef":1,"minecraft:feather":3,"minecraft:water_bucket":5,"minecraft:andesite":232,"minecraft:brown_wool":1,"minecraft:smoker":1,"minecraft:potato":6,"minecraft:flint":3,"minecraft:lapis_lazuli":448,"minecraft:dirt":1065,"minecraft:name_tag":1,"minecraft:glass":21,"minecraft:bone":316,"minecraft:bow":4,"minecraft:wheat_seeds":313,"minecraft:dark_oak_sign":1,"minecraft:glowstone_dust":22,"minecraft:oak_planks":79,"minecraft:cooked_porkchop":97,"minecraft:sand":111,"minecraft:ink_sac":2,"minecraft:grass_block":44,"minecraft:spectral_arrow":17,"minecraft:dark_oak_log":130,"minecraft:mossy_cobblestone":11,"minecraft:sugar":6,"minecraft:diamond":164,"minecraft:crossbow":7,"minecraft:granite":229,"minecraft:golden_apple":24,"minecraft:emerald":18,"minecraft:bread":68,"minecraft:oak_sapling":6,"minecraft:netherrack":522,"minecraft:oak_leaves":205,"minecraft:crimson_roots":11,"minecraft:diamond_pickaxe":7,"minecraft:spruce_leaves":145,"minecraft:charcoal":6,"minecraft:crafting_table":4,"minecraft:azure_bluet":2,"minecraft:chicken":2,"minecraft:ladder":20,"minecraft:wooden_pickaxe":4,"minecraft:gold_block":3,"minecraft:shield":9,"minecraft:cornflower":1,"minecraft:iron_axe":7,"minecraft:iron_shovel":3,"minecraft:blackstone":75,"minecraft:beef":20,"minecraft:oak_boat":1,"minecraft:iron_nugget":11,"minecraft:chest":3,"minecraft:sugar_cane":6,"minecraft:phantom_membrane":2,"minecraft:egg":1,"minecraft:sandstone":3,"minecraft:stone":20,"minecraft:oak_door":1,"minecraft:fire_charge":4,"minecraft:carrot":1713,"minecraft:redstone":506,"minecraft:dark_oak_planks":88,"minecraft:arrow":40,"minecraft:weeping_vines":2,"minecraft:diamond_boots":1,"minecraft:hay_block":65,"minecraft:totem_of_undying":6,"minecraft:saddle":2,"minecraft:gold_ingot":87,"minecraft:mutton":11,"minecraft:white_wool":4,"minecraft:oxeye_daisy":2,"minecraft:crimson_stem":8,"minecraft:leather":34,"minecraft:crimson_fungus":2,"minecraft:oak_log":4,"minecraft:ancient_debris":21,"minecraft:cobblestone_wall":7,"minecraft:golden_boots":1,"minecraft:nether_wart_block":5,"minecraft:gunpowder":21,"minecraft:cobblestone_stairs":19,"minecraft:paper":1,"minecraft:white_banner":4,"minecraft:cooked_mutton":18,"minecraft:pufferfish_bucket":2,"minecraft:iron_ingot":59,"minecraft:stone_pickaxe":4,"minecraft:cobweb":63,"minecraft:iron_ore":316,"minecraft:iron_sword":5,"minecraft:soul_sand":15,"minecraft:book":2,"minecraft:sweet_berries":7,"minecraft:quartz":9,"minecraft:dandelion":8,"minecraft:gravel":30,"minecraft:spruce_sapling":6,"minecraft:white_bed":3,"minecraft:gold_ore":234,"minecraft:crying_obsidian":5,"minecraft:spider_eye":5,"minecraft:stone_axe":2,"minecraft:light_blue_carpet":3,"minecraft:iron_helmet":2,"minecraft:black_wool":4,"minecraft:coal":396,"minecraft:ender_pearl":4},"minecraft:dropped":{"minecraft:lapis_lazuli":20,"minecraft:diamond":42,"minecraft:cooked_porkchop":1,"minecraft:dark_oak_slab":1,"minecraft:crossbow":1,"minecraft:weeping_vines":2,"minecraft:leather":25,"minecraft:emerald":1,"minecraft:spruce_leaves":94,"minecraft:dirt":483,"minecraft:crimson_roots":10,"minecraft:phantom_membrane":1,"minecraft:sand":19,"minecraft:iron_pickaxe":3,"minecraft:bone":7,"minecraft:gold_ingot":231,"minecraft:gravel":3,"minecraft:crimson_fungus":2,"minecraft:blackstone":68,"minecraft:sugar_cane":6,"minecraft:obsidian":15,"minecraft:rotten_flesh":10,"minecraft:oak_planks":30,"minecraft:cooked_mutton":1,"minecraft:gunpowder":11,"minecraft:ladder":1,"minecraft:iron_ore":8,"minecraft:arrow":12,"minecraft:beef":3,"minecraft:oak_leaves":76,"minecraft:netherrack":262,"minecraft:stone_hoe":6,"minecraft:water_bucket":1,"minecraft:golden_boots":1,"minecraft:wheat_seeds":44,"minecraft:cobblestone":609,"minecraft:granite":81,"minecraft:grass_block":64,"minecraft:golden_apple":8,"minecraft:stick":4,"minecraft:dark_oak_leaves":3,"minecraft:blue_dye":1,"minecraft:diorite":114,"minecraft:golden_carrot":34,"minecraft:nether_wart_block":3,"minecraft:brown_wool":1,"minecraft:iron_leggings":2,"minecraft:iron_axe":2,"minecraft:string":22,"minecraft:bucket":1,"minecraft:redstone":12,"minecraft:sweet_berries":5,"minecraft:soul_soil":25,"minecraft:cobblestone_wall":1,"minecraft:dark_oak_sign":2,"minecraft:iron_boots":1,"minecraft:shield":3,"minecraft:diamond_pickaxe":3,"minecraft:andesite":106,"minecraft:oak_boat":1,"minecraft:oak_sapling":1,"minecraft:spider_eye":3,"minecraft:sandstone":3,"minecraft:stone_pickaxe":3,"minecraft:nautilus_shell":1,"minecraft:magma_block":13}},"DataVersion":2586}