{"stats":{"minecraft:crafted":{"minecraft:oak_planks":16,"minecraft:furnace":4,"minecraft:cooked_mutton":17,"minecraft:iron_axe":2,"minecraft:stone_pickaxe":1,"minecraft:chest":2,"minecraft:cooked_beef":3,"minecraft:crafting_table":1,"minecraft:iron_helmet":1,"minecraft:wooden_pickaxe":1,"minecraft:iron_sword":1,"minecraft:air":0,"minecraft:blue_dye":1,"minecraft:iron_chestplate":1,"minecraft:shield":2,"minecraft:stick":16,"minecraft:iron_ingot":61,"minecraft:iron_pickaxe":2,"minecraft:gold_ingot":9,"minecraft:iron_shovel":1,"minecraft:iron_leggings":1,"minecraft:white_bed":1,"minecraft:torch":12},"minecraft:killed_by":{"minecraft:player":11,"minecraft:creeper":1,"minecraft:vindicator":7,"minecraft:zombie":1,"minecraft:vex":3},"minecraft:used":{"minecraft:iron_shovel":103,"minecraft:chest":3,"minecraft:shield":71,"minecraft:iron_sword":174,"minecraft:rotten_flesh":20,"minecraft:spruce_leaves":4,"minecraft:torch":13,"minecraft:dirt":45,"minecraft:carrot":3,"minecraft:granite":4,"minecraft:obsidian":2,"minecraft:wooden_axe":12,"minecraft:iron_axe":94,"minecraft:totem_of_undying":2,"minecraft:hay_block":1,"minecraft:furnace":8,"minecraft:egg":1,"minecraft:cooked_beef":3,"minecraft:golden_axe":4,"minecraft:cooked_mutton":17,"minecraft:diorite":1,"minecraft:iron_ore":4,"minecraft:stone_pickaxe":25,"minecraft:wooden_pickaxe":19,"minecraft:oak_leaves":82,"minecraft:sand":8,"minecraft:crafting_table":3,"minecraft:crossbow":5,"minecraft:white_bed":4,"minecraft:diamond_pickaxe":126,"minecraft:oxeye_daisy":1,"minecraft:bread":1,"minecraft:iron_pickaxe":99,"minecraft:gravel":4,"minecraft:stone_axe":62,"minecraft:cobblestone":113,"minecraft:pufferfish_bucket":1,"minecraft:cooked_porkchop":10},"minecraft:picked_up":{"minecraft:wooden_axe":3,"minecraft:spruce_leaves":51,"minecraft:charcoal":2,"minecraft:crafting_table":3,"minecraft:iron_chestplate":1,"minecraft:azure_bluet":2,"minecraft:wooden_pickaxe":4,"minecraft:shield":5,"minecraft:cornflower":1,"minecraft:string":2,"minecraft:iron_axe":3,"minecraft:iron_leggings":1,"minecraft:iron_shovel":1,"minecraft:beef":8,"minecraft:iron_pickaxe":6,"minecraft:sugar_cane":6,"minecraft:chest":1,"minecraft:egg":1,"minecraft:iron_boots":3,"minecraft:furnace":7,"minecraft:stick":3,"minecraft:torch":8,"minecraft:porkchop":5,"minecraft:golden_axe":1,"minecraft:diorite":20,"minecraft:warped_button":32,"minecraft:carrot":3,"minecraft:redstone":64,"minecraft:arrow":13,"minecraft:rotten_flesh":51,"minecraft:hay_block":63,"minecraft:blue_dye":1,"minecraft:totem_of_undying":2,"minecraft:gold_ingot":6,"minecraft:obsidian":17,"minecraft:mutton":7,"minecraft:snowball":16,"minecraft:white_wool":3,"minecraft:cobblestone":309,"minecraft:oxeye_daisy":2,"minecraft:cooked_beef":1,"minecraft:water_bucket":3,"minecraft:andesite":17,"minecraft:brown_wool":1,"minecraft:leather":5,"minecraft:potato":1,"minecraft:flint":2,"minecraft:oak_log":4,"minecraft:gunpowder":6,"minecraft:lapis_lazuli":121,"minecraft:dirt":180,"minecraft:white_banner":2,"minecraft:name_tag":1,"minecraft:cooked_mutton":10,"minecraft:bone":209,"minecraft:bow":1,"minecraft:wheat_seeds":11,"minecraft:pufferfish_bucket":2,"minecraft:stone_pickaxe":4,"minecraft:iron_ingot":27,"minecraft:iron_ore":106,"minecraft:iron_sword":1,"minecraft:oak_planks":77,"minecraft:book":2,"minecraft:cooked_porkchop":65,"minecraft:sweet_berries":7,"minecraft:gravel":18,"minecraft:sand":18,"minecraft:ink_sac":1,"minecraft:white_bed":3,"minecraft:dark_oak_log":41,"minecraft:gold_ore":8,"minecraft:crying_obsidian":1,"minecraft:spider_eye":2,"minecraft:sugar":4,"minecraft:stone_axe":2,"minecraft:iron_helmet":1,"minecraft:granite":4,"minecraft:crossbow":5,"minecraft:bread":35,"minecraft:emerald":4,"minecraft:oak_sapling":6,"minecraft:black_wool":4,"minecraft:oak_leaves":205,"minecraft:coal":71,"minecraft:diamond_pickaxe":4},"minecraft:mined":{"minecraft:crying_obsidian":1,"minecraft:white_bed":3,"minecraft:dark_oak_log":41,"minecraft:obsidian":8,"minecraft:grass_block":49,"minecraft:spruce_leaves":2,"minecraft:oxeye_daisy":1,"minecraft:redstone_ore":6,"minecraft:furnace":7,"minecraft:carrots":1,"minecraft:iron_ore":63,"minecraft:andesite":9,"minecraft:azure_bluet":1,"minecraft:potatoes":1,"minecraft:warped_button":36,"minecraft:stone":90,"minecraft:crafting_table":3,"minecraft:cornflower":1,"minecraft:poppy":1,"minecraft:chest":1,"minecraft:tall_grass":14,"minecraft:cobblestone":12,"minecraft:lapis_ore":3,"minecraft:sugar_cane":4,"minecraft:diorite":1,"minecraft:wall_torch":1,"minecraft:wheat":2,"minecraft:grass":42,"minecraft:oak_log":4,"minecraft:coal_ore":24,"minecraft:sand":14,"minecraft:dirt":76,"minecraft:red_mushroom_block":1,"minecraft:gold_ore":8,"minecraft:oak_leaves":13,"minecraft:fern":2},"minecraft:killed":{"minecraft:evoker":2,"minecraft:spider":4,"minecraft:vindicator":8,"minecraft:skeleton":9,"minecraft:pig":4,"minecraft:creeper":1,"minecraft:sheep":4,"minecraft:pillager":36,"minecraft:zombie":17,"minecraft:cow":4},"minecraft:custom":{"minecraft:interact_with_anvil":4,"minecraft:mob_kills":96,"minecraft:animals_bred":5,"minecraft:interact_with_crafting_table":34,"minecraft:leave_game":5,"minecraft:time_since_death":69880,"minecraft:climb_one_cm":1279,"minecraft:sprint_one_cm":715550,"minecraft:walk_one_cm":490394,"minecraft:damage_blocked_by_shield":2905,"minecraft:drop":58,"minecraft:talked_to_villager":3,"minecraft:deaths":166,"minecraft:sneak_time":5138,"minecraft:walk_under_water_one_cm":22335,"minecraft:jump":4165,"minecraft:enchant_item":2,"minecraft:walk_on_water_one_cm":28660,"minecraft:interact_with_furnace":89,"minecraft:play_one_minute":215765,"minecraft:sleep_in_bed":5,"minecraft:time_since_rest":7520,"minecraft:damage_taken":187886,"minecraft:damage_absorbed":135,"minecraft:damage_dealt":19556,"minecraft:player_kills":8,"minecraft:swim_one_cm":72221,"minecraft:fly_one_cm":826562,"minecraft:open_chest":42,"minecraft:crouch_one_cm":8728,"minecraft:fall_one_cm":1941096},"minecraft:dropped":{"minecraft:water_bucket":1,"minecraft:wheat_seeds":4,"minecraft:lapis_lazuli":20,"minecraft:cooked_porkchop":1,"minecraft:crossbow":1,"minecraft:leather":5,"minecraft:stick":1,"minecraft:spruce_leaves":47,"minecraft:dirt":2,"minecraft:blue_dye":1,"minecraft:diorite":19,"minecraft:brown_wool":1,"minecraft:iron_axe":2,"minecraft:sand":4,"minecraft:iron_pickaxe":3,"minecraft:bucket":1,"minecraft:redstone":12,"minecraft:gravel":2,"minecraft:sweet_berries":5,"minecraft:sugar_cane":6,"minecraft:obsidian":15,"minecraft:rotten_flesh":3,"minecraft:iron_boots":1,"minecraft:oak_planks":30,"minecraft:cooked_mutton":1,"minecraft:shield":2,"minecraft:gunpowder":6,"minecraft:diamond_pickaxe":2,"minecraft:oak_sapling":1,"minecraft:stone_pickaxe":3,"minecraft:beef":3,"minecraft:oak_leaves":76}},"DataVersion":2586}