{"stats":{"minecraft:killed_by":{"minecraft:player":11,"minecraft:creeper":1,"minecraft:vindicator":7,"minecraft:zombie":1,"minecraft:vex":3},"minecraft:crafted":{"minecraft:oak_planks":16,"minecraft:furnace":4,"minecraft:cooked_mutton":17,"minecraft:iron_axe":2,"minecraft:stone_pickaxe":1,"minecraft:chest":2,"minecraft:cooked_beef":3,"minecraft:crafting_table":1,"minecraft:wooden_pickaxe":1,"minecraft:iron_helmet":1,"minecraft:iron_sword":1,"minecraft:air":0,"minecraft:blue_dye":1,"minecraft:iron_chestplate":1,"minecraft:shield":2,"minecraft:stick":16,"minecraft:iron_pickaxe":2,"minecraft:iron_ingot":61,"minecraft:iron_shovel":1,"minecraft:iron_leggings":1,"minecraft:white_bed":1,"minecraft:torch":12},"minecraft:picked_up":{"minecraft:wooden_axe":3,"minecraft:spruce_leaves":51,"minecraft:charcoal":2,"minecraft:iron_chestplate":1,"minecraft:crafting_table":3,"minecraft:azure_bluet":2,"minecraft:wooden_pickaxe":4,"minecraft:shield":5,"minecraft:cornflower":1,"minecraft:string":2,"minecraft:iron_axe":3,"minecraft:iron_leggings":1,"minecraft:iron_shovel":1,"minecraft:beef":8,"minecraft:iron_pickaxe":6,"minecraft:sugar_cane":6,"minecraft:chest":1,"minecraft:iron_boots":3,"minecraft:furnace":7,"minecraft:stick":3,"minecraft:torch":8,"minecraft:porkchop":3,"minecraft:golden_axe":1,"minecraft:diorite":20,"minecraft:warped_button":32,"minecraft:redstone":64,"minecraft:arrow":13,"minecraft:rotten_flesh":44,"minecraft:hay_block":63,"minecraft:blue_dye":1,"minecraft:gold_ingot":6,"minecraft:totem_of_undying":2,"minecraft:obsidian":8,"minecraft:mutton":7,"minecraft:snowball":16,"minecraft:white_wool":3,"minecraft:cobblestone":286,"minecraft:oxeye_daisy":1,"minecraft:cooked_beef":1,"minecraft:water_bucket":3,"minecraft:andesite":15,"minecraft:leather":5,"minecraft:brown_wool":1,"minecraft:flint":2,"minecraft:oak_log":4,"minecraft:gunpowder":6,"minecraft:dirt":177,"minecraft:lapis_lazuli":121,"minecraft:white_banner":2,"minecraft:name_tag":1,"minecraft:cooked_mutton":10,"minecraft:bone":209,"minecraft:bow":1,"minecraft:wheat_seeds":8,"minecraft:pufferfish_bucket":2,"minecraft:iron_ingot":27,"minecraft:stone_pickaxe":4,"minecraft:iron_ore":106,"minecraft:iron_sword":1,"minecraft:oak_planks":77,"minecraft:book":2,"minecraft:cooked_porkchop":65,"minecraft:sweet_berries":7,"minecraft:gravel":18,"minecraft:sand":18,"minecraft:ink_sac":1,"minecraft:white_bed":2,"minecraft:crying_obsidian":1,"minecraft:gold_ore":8,"minecraft:spider_eye":2,"minecraft:sugar":4,"minecraft:stone_axe":2,"minecraft:iron_helmet":1,"minecraft:crossbow":5,"minecraft:granite":4,"minecraft:emerald":4,"minecraft:oak_sapling":6,"minecraft:black_wool":4,"minecraft:coal":71,"minecraft:oak_leaves":205,"minecraft:diamond_pickaxe":4},"minecraft:killed":{"minecraft:evoker":2,"minecraft:vindicator":8,"minecraft:spider":4,"minecraft:skeleton":9,"minecraft:pig":3,"minecraft:creeper":1,"minecraft:sheep":4,"minecraft:pillager":36,"minecraft:zombie":16,"minecraft:cow":4},"minecraft:mined":{"minecraft:crying_obsidian":1,"minecraft:white_bed":2,"minecraft:obsidian":8,"minecraft:grass_block":47,"minecraft:spruce_leaves":2,"minecraft:oxeye_daisy":1,"minecraft:redstone_ore":6,"minecraft:furnace":7,"minecraft:iron_ore":63,"minecraft:andesite":9,"minecraft:azure_bluet":1,"minecraft:warped_button":36,"minecraft:stone":67,"minecraft:crafting_table":3,"minecraft:cornflower":1,"minecraft:poppy":1,"minecraft:chest":1,"minecraft:cobblestone":12,"minecraft:tall_grass":14,"minecraft:lapis_ore":3,"minecraft:sugar_cane":4,"minecraft:diorite":1,"minecraft:wall_torch":1,"minecraft:grass":32,"minecraft:coal_ore":24,"minecraft:oak_log":4,"minecraft:sand":12,"minecraft:dirt":76,"minecraft:red_mushroom_block":1,"minecraft:gold_ore":8,"minecraft:oak_leaves":13,"minecraft:fern":2},"minecraft:used":{"minecraft:iron_shovel":103,"minecraft:chest":3,"minecraft:shield":71,"minecraft:iron_sword":172,"minecraft:rotten_flesh":20,"minecraft:spruce_leaves":4,"minecraft:torch":13,"minecraft:dirt":45,"minecraft:granite":4,"minecraft:wooden_axe":12,"minecraft:iron_axe":52,"minecraft:totem_of_undying":2,"minecraft:hay_block":1,"minecraft:furnace":8,"minecraft:cooked_beef":3,"minecraft:golden_axe":4,"minecraft:cooked_mutton":16,"minecraft:diorite":1,"minecraft:iron_ore":4,"minecraft:stone_pickaxe":25,"minecraft:wooden_pickaxe":19,"minecraft:oak_leaves":82,"minecraft:sand":8,"minecraft:crafting_table":3,"minecraft:crossbow":5,"minecraft:white_bed":2,"minecraft:diamond_pickaxe":102,"minecraft:iron_pickaxe":99,"minecraft:gravel":4,"minecraft:stone_axe":62,"minecraft:cobblestone":113,"minecraft:pufferfish_bucket":1,"minecraft:cooked_porkchop":8},"minecraft:dropped":{"minecraft:water_bucket":1,"minecraft:lapis_lazuli":20,"minecraft:cooked_porkchop":1,"minecraft:leather":5,"minecraft:stick":1,"minecraft:spruce_leaves":47,"minecraft:dirt":2,"minecraft:diorite":19,"minecraft:brown_wool":1,"minecraft:iron_axe":2,"minecraft:sand":4,"minecraft:iron_pickaxe":3,"minecraft:bucket":1,"minecraft:redstone":12,"minecraft:sweet_berries":5,"minecraft:sugar_cane":6,"minecraft:obsidian":8,"minecraft:rotten_flesh":1,"minecraft:oak_planks":30,"minecraft:iron_boots":1,"minecraft:cooked_mutton":1,"minecraft:shield":2,"minecraft:gunpowder":6,"minecraft:diamond_pickaxe":2,"minecraft:oak_sapling":1,"minecraft:beef":3,"minecraft:stone_pickaxe":3,"minecraft:oak_leaves":76},"minecraft:custom":{"minecraft:interact_with_anvil":1,"minecraft:mob_kills":94,"minecraft:interact_with_crafting_table":34,"minecraft:leave_game":5,"minecraft:time_since_death":51545,"minecraft:climb_one_cm":307,"minecraft:sprint_one_cm":628500,"minecraft:walk_one_cm":444467,"minecraft:damage_blocked_by_shield":2905,"minecraft:drop":46,"minecraft:deaths":166,"minecraft:sneak_time":5009,"minecraft:walk_under_water_one_cm":21897,"minecraft:jump":3857,"minecraft:enchant_item":2,"minecraft:walk_on_water_one_cm":26729,"minecraft:interact_with_furnace":78,"minecraft:play_one_minute":197430,"minecraft:sleep_in_bed":3,"minecraft:time_since_rest":43731,"minecraft:damage_taken":187789,"minecraft:damage_absorbed":135,"minecraft:damage_dealt":19404,"minecraft:swim_one_cm":70684,"minecraft:fly_one_cm":745251,"minecraft:player_kills":8,"minecraft:open_chest":30,"minecraft:crouch_one_cm":8323,"minecraft:fall_one_cm":1934360}},"DataVersion":2586}