{"stats":{"minecraft:dropped":{"minecraft:water_bucket":1,"minecraft:wheat_seeds":4,"minecraft:lapis_lazuli":20,"minecraft:cooked_porkchop":1,"minecraft:crossbow":1,"minecraft:cobblestone":23,"minecraft:leather":5,"minecraft:stick":1,"minecraft:spruce_leaves":47,"minecraft:dirt":2,"minecraft:blue_dye":1,"minecraft:diorite":19,"minecraft:brown_wool":1,"minecraft:sand":4,"minecraft:iron_axe":2,"minecraft:iron_pickaxe":3,"minecraft:bucket":1,"minecraft:redstone":12,"minecraft:gravel":2,"minecraft:sweet_berries":5,"minecraft:sugar_cane":6,"minecraft:obsidian":15,"minecraft:rotten_flesh":3,"minecraft:iron_boots":1,"minecraft:oak_planks":30,"minecraft:cooked_mutton":1,"minecraft:shield":2,"minecraft:gunpowder":6,"minecraft:diamond_pickaxe":2,"minecraft:oak_sapling":1,"minecraft:stone_pickaxe":3,"minecraft:beef":3,"minecraft:oak_leaves":76},"minecraft:picked_up":{"minecraft:wooden_axe":3,"minecraft:spruce_leaves":51,"minecraft:charcoal":2,"minecraft:iron_chestplate":4,"minecraft:crafting_table":4,"minecraft:azure_bluet":2,"minecraft:chicken":1,"minecraft:ladder":1,"minecraft:diamond_sword":1,"minecraft:wooden_pickaxe":4,"minecraft:shield":8,"minecraft:cornflower":1,"minecraft:string":2,"minecraft:iron_axe":6,"minecraft:iron_leggings":2,"minecraft:iron_shovel":2,"minecraft:beef":8,"minecraft:iron_pickaxe":6,"minecraft:sugar_cane":6,"minecraft:chest":1,"minecraft:furnace":7,"minecraft:iron_boots":4,"minecraft:egg":1,"minecraft:stick":5,"minecraft:torch":30,"minecraft:porkchop":5,"minecraft:golden_axe":1,"minecraft:diorite":41,"minecraft:warped_button":32,"minecraft:carrot":16,"minecraft:redstone":124,"minecraft:dark_oak_planks":88,"minecraft:arrow":22,"minecraft:rotten_flesh":82,"minecraft:hay_block":63,"minecraft:blue_dye":1,"minecraft:totem_of_undying":2,"minecraft:gold_ingot":6,"minecraft:obsidian":50,"minecraft:mutton":11,"minecraft:snowball":16,"minecraft:white_wool":4,"minecraft:cobblestone":785,"minecraft:oxeye_daisy":2,"minecraft:feather":2,"minecraft:cooked_beef":1,"minecraft:water_bucket":5,"minecraft:andesite":81,"minecraft:brown_wool":1,"minecraft:leather":5,"minecraft:potato":2,"minecraft:flint":2,"minecraft:oak_log":4,"minecraft:gunpowder":9,"minecraft:lapis_lazuli":208,"minecraft:dirt":315,"minecraft:white_banner":2,"minecraft:name_tag":1,"minecraft:cooked_mutton":10,"minecraft:bone":296,"minecraft:bow":1,"minecraft:wheat_seeds":20,"minecraft:pufferfish_bucket":2,"minecraft:stone_pickaxe":4,"minecraft:iron_ingot":57,"minecraft:iron_ore":186,"minecraft:iron_sword":4,"minecraft:oak_planks":77,"minecraft:book":2,"minecraft:cooked_porkchop":97,"minecraft:sweet_berries":7,"minecraft:gravel":18,"minecraft:sand":18,"minecraft:ink_sac":1,"minecraft:white_bed":3,"minecraft:gold_ore":26,"minecraft:crying_obsidian":1,"minecraft:dark_oak_log":41,"minecraft:spider_eye":2,"minecraft:sugar":4,"minecraft:diamond":59,"minecraft:stone_axe":2,"minecraft:iron_helmet":2,"minecraft:crossbow":6,"minecraft:granite":95,"minecraft:emerald":4,"minecraft:bread":68,"minecraft:oak_sapling":6,"minecraft:black_wool":4,"minecraft:oak_leaves":205,"minecraft:coal":145,"minecraft:diamond_pickaxe":6},"minecraft:killed_by":{"minecraft:player":11,"minecraft:creeper":1,"minecraft:vindicator":7,"minecraft:zombie":1,"minecraft:vex":3},"minecraft:used":{"minecraft:iron_shovel":176,"minecraft:chest":5,"minecraft:shield":80,"minecraft:iron_sword":244,"minecraft:rotten_flesh":20,"minecraft:spruce_leaves":4,"minecraft:torch":24,"minecraft:dirt":90,"minecraft:carrot":6,"minecraft:granite":4,"minecraft:obsidian":13,"minecraft:wooden_axe":12,"minecraft:iron_axe":97,"minecraft:totem_of_undying":2,"minecraft:hay_block":1,"minecraft:furnace":8,"minecraft:egg":1,"minecraft:cooked_beef":3,"minecraft:golden_axe":4,"minecraft:cooked_mutton":17,"minecraft:water_bucket":11,"minecraft:diorite":8,"minecraft:iron_ore":4,"minecraft:dark_oak_sign":1,"minecraft:stone_pickaxe":25,"minecraft:wooden_pickaxe":19,"minecraft:oak_leaves":82,"minecraft:white_wool":1,"minecraft:sand":8,"minecraft:crafting_table":5,"minecraft:crossbow":13,"minecraft:white_bed":4,"minecraft:diamond_pickaxe":925,"minecraft:oxeye_daisy":1,"minecraft:bread":2,"minecraft:iron_pickaxe":99,"minecraft:gravel":4,"minecraft:stone_axe":62,"minecraft:diamond_sword":56,"minecraft:cobblestone":130,"minecraft:pufferfish_bucket":1,"minecraft:cooked_porkchop":31,"minecraft:andesite":2,"minecraft:bucket":13},"minecraft:custom":{"minecraft:interact_with_anvil":9,"minecraft:mob_kills":336,"minecraft:animals_bred":6,"minecraft:inspect_hopper":3,"minecraft:interact_with_crafting_table":46,"minecraft:bell_ring":22,"minecraft:leave_game":8,"minecraft:time_since_death":50484,"minecraft:climb_one_cm":41268,"minecraft:sprint_one_cm":1021501,"minecraft:walk_one_cm":718949,"minecraft:damage_blocked_by_shield":3394,"minecraft:drop":59,"minecraft:talked_to_villager":4,"minecraft:deaths":167,"minecraft:sneak_time":9776,"minecraft:walk_under_water_one_cm":26396,"minecraft:jump":5504,"minecraft:enchant_item":4,"minecraft:walk_on_water_one_cm":40789,"minecraft:interact_with_furnace":125,"minecraft:play_one_minute":339797,"minecraft:sleep_in_bed":7,"minecraft:time_since_rest":32,"minecraft:damage_taken":189251,"minecraft:damage_absorbed":135,"minecraft:damage_dealt":24358,"minecraft:player_kills":8,"minecraft:swim_one_cm":72221,"minecraft:fly_one_cm":1117068,"minecraft:open_chest":101,"minecraft:crouch_one_cm":20805,"minecraft:fall_one_cm":1974472},"minecraft:mined":{"minecraft:diamond_ore":43,"minecraft:crying_obsidian":1,"minecraft:white_bed":3,"minecraft:dark_oak_log":41,"minecraft:obsidian":31,"minecraft:granite":26,"minecraft:grass_block":71,"minecraft:spruce_leaves":2,"minecraft:oxeye_daisy":1,"minecraft:redstone_ore":13,"minecraft:furnace":7,"minecraft:carrots":4,"minecraft:iron_ore":143,"minecraft:andesite":41,"minecraft:azure_bluet":1,"minecraft:potatoes":1,"minecraft:warped_button":36,"minecraft:stone":554,"minecraft:crafting_table":4,"minecraft:cornflower":1,"minecraft:torch":1,"minecraft:poppy":1,"minecraft:chest":1,"minecraft:tall_grass":14,"minecraft:cobblestone":26,"minecraft:lapis_ore":6,"minecraft:sugar_cane":4,"minecraft:diorite":15,"minecraft:wall_torch":2,"minecraft:wheat":2,"minecraft:grass":67,"minecraft:oak_log":4,"minecraft:coal_ore":98,"minecraft:sand":15,"minecraft:dirt":127,"minecraft:red_mushroom_block":1,"minecraft:gold_ore":26,"minecraft:oak_leaves":19,"minecraft:fern":2},"minecraft:killed":{"minecraft:evoker":2,"minecraft:spider":5,"minecraft:vindicator":8,"minecraft:skeleton":14,"minecraft:chicken":1,"minecraft:wolf":1,"minecraft:pig":4,"minecraft:creeper":3,"minecraft:sheep":5,"minecraft:pillager":36,"minecraft:zombie":246,"minecraft:cow":4},"minecraft:crafted":{"minecraft:oak_planks":16,"minecraft:furnace":4,"minecraft:dark_oak_sign":3,"minecraft:cooked_mutton":17,"minecraft:iron_axe":2,"minecraft:stone_pickaxe":1,"minecraft:chest":4,"minecraft:dark_oak_planks":164,"minecraft:cooked_beef":3,"minecraft:diamond_sword":1,"minecraft:crafting_table":2,"minecraft:iron_helmet":1,"minecraft:wooden_pickaxe":1,"minecraft:iron_sword":1,"minecraft:bucket":2,"minecraft:air":0,"minecraft:blue_dye":1,"minecraft:iron_chestplate":1,"minecraft:diamond_pickaxe":1,"minecraft:shield":3,"minecraft:stick":28,"minecraft:iron_ingot":61,"minecraft:iron_pickaxe":2,"minecraft:iron_shovel":1,"minecraft:gold_ingot":9,"minecraft:iron_leggings":1,"minecraft:white_bed":1,"minecraft:torch":40}},"DataVersion":2586}