{"stats":{"minecraft:killed":{"minecraft:witch":2,"minecraft:spider":46,"minecraft:wither":2,"minecraft:skeleton":45,"minecraft:chicken":11,"minecraft:wolf":1,"minecraft:magma_cube":8,"minecraft:piglin":6,"minecraft:pig":4,"minecraft:iron_golem":5,"minecraft:creeper":27,"minecraft:sheep":24,"minecraft:pillager":185,"minecraft:zombie":449,"minecraft:stray":3,"minecraft:ghast":1,"minecraft:blaze":48,"minecraft:cow":40,"minecraft:evoker":3,"minecraft:vex":2,"minecraft:vindicator":7,"minecraft:phantom":3,"minecraft:drowned":1,"minecraft:hoglin":6,"minecraft:wither_skeleton":2,"minecraft:villager":1},"minecraft:custom":{"minecraft:interact_with_crafting_table":155,"minecraft:leave_game":20,"minecraft:time_since_death":81,"minecraft:sprint_one_cm":2374502,"minecraft:damage_blocked_by_shield":10990,"minecraft:drop":277,"minecraft:talked_to_villager":7,"minecraft:deaths":40,"minecraft:jump":16402,"minecraft:interact_with_brewingstand":36,"minecraft:walk_on_water_one_cm":223037,"minecraft:enchant_item":88,"minecraft:interact_with_furnace":166,"minecraft:play_one_minute":742902,"minecraft:sleep_in_bed":3,"minecraft:damage_dealt":128192,"minecraft:player_kills":11,"minecraft:crouch_one_cm":223998,"minecraft:interact_with_smoker":14,"minecraft:interact_with_smithing_table":11,"minecraft:interact_with_anvil":35,"minecraft:mob_kills":948,"minecraft:inspect_hopper":51,"minecraft:climb_one_cm":76424,"minecraft:walk_one_cm":951587,"minecraft:raid_win":1,"minecraft:sneak_time":53620,"minecraft:walk_under_water_one_cm":38860,"minecraft:boat_one_cm":213005,"minecraft:interact_with_blast_furnace":12,"minecraft:raid_trigger":1,"minecraft:interact_with_grindstone":57,"minecraft:time_since_rest":107,"minecraft:damage_absorbed":774,"minecraft:damage_taken":42062874,"minecraft:swim_one_cm":266023,"minecraft:fly_one_cm":3705281,"minecraft:open_chest":428,"minecraft:fall_one_cm":743250},"minecraft:used":{"minecraft:iron_shovel":392,"minecraft:ladder":75,"minecraft:poppy":1,"minecraft:oak_sign":23,"minecraft:chest":37,"minecraft:shield":200,"minecraft:iron_sword":443,"minecraft:zombie_spawn_egg":23,"minecraft:rotten_flesh":4,"minecraft:soul_sand":9,"minecraft:snowball":18,"minecraft:obsidian":9,"minecraft:grass_block":115,"minecraft:bow":118,"minecraft:sweet_berries":35,"minecraft:furnace":16,"minecraft:light_blue_carpet":12,"minecraft:cow_spawn_egg":9,"minecraft:wither_skeleton_skull":9,"minecraft:oak_planks":19,"minecraft:stone_pickaxe":47,"minecraft:wooden_pickaxe":28,"minecraft:sugar_cane":8,"minecraft:oak_leaves":96,"minecraft:golden_apple":25,"minecraft:sand":2,"minecraft:blast_furnace":5,"minecraft:crossbow":9,"minecraft:shears":238,"minecraft:bread":64,"minecraft:diamond_sword":1140,"minecraft:grindstone":2,"minecraft:smithing_table":1,"minecraft:oak_boat":3,"minecraft:experience_bottle":84,"minecraft:oak_fence":39,"minecraft:netherite_sword":172,"minecraft:enchanting_table":2,"minecraft:stone_sword":8,"minecraft:stone_shovel":275,"minecraft:cooked_chicken":10,"minecraft:netherrack":527,"minecraft:oak_door":10,"minecraft:torch":401,"minecraft:brewing_stand":3,"minecraft:dirt":868,"minecraft:anvil":3,"minecraft:hopper":21,"minecraft:golden_shovel":136,"minecraft:chipped_anvil":1,"minecraft:bookshelf":30,"minecraft:iron_axe":426,"minecraft:spawner":22,"minecraft:golden_carrot":80,"minecraft:netherite_pickaxe":4,"minecraft:cooked_beef":57,"minecraft:cooked_mutton":11,"minecraft:water_bucket":89,"minecraft:glass_bottle":16,"minecraft:cobblestone_slab":29,"minecraft:crafting_table":16,"minecraft:white_bed":3,"minecraft:smoker":1,"minecraft:oxeye_daisy":1,"minecraft:diamond_pickaxe":11358,"minecraft:apple":1,"minecraft:diamond_shovel":582,"minecraft:iron_pickaxe":237,"minecraft:cobblestone":1503,"minecraft:potion":6,"minecraft:cooked_porkchop":6,"minecraft:bucket":90},"minecraft:crafted":{"minecraft:grindstone":1,"minecraft:oak_planks":224,"minecraft:cobblestone_slab":30,"minecraft:oak_sign":9,"minecraft:blaze_powder":6,"minecraft:cooked_chicken":10,"minecraft:stone":4,"minecraft:diamond_shovel":1,"minecraft:bookshelf":13,"minecraft:cooked_mutton":25,"minecraft:glass":63,"minecraft:hopper":7,"minecraft:diamond_helmet":5,"minecraft:bow":2,"minecraft:diamond_leggings":1,"minecraft:iron_boots":3,"minecraft:chest":32,"minecraft:glass_bottle":15,"minecraft:cooked_porkchop":6,"minecraft:diamond_axe":1,"minecraft:crafting_table":4,"minecraft:wooden_pickaxe":2,"minecraft:iron_helmet":2,"minecraft:smithing_table":1,"minecraft:brewing_stand":2,"minecraft:iron_chestplate":3,"minecraft:book":37,"minecraft:paper":99,"minecraft:diamond_pickaxe":5,"minecraft:charcoal":17,"minecraft:shield":2,"minecraft:stick":348,"minecraft:stone_slab":6,"minecraft:light_blue_dye":8,"minecraft:iron_ingot":176,"minecraft:iron_pickaxe":1,"minecraft:iron_block":3,"minecraft:stone_sword":1,"minecraft:gold_ingot":312,"minecraft:netherite_ingot":12,"minecraft:shears":1,"minecraft:oak_door":6,"minecraft:stone_shovel":2,"minecraft:furnace":9,"minecraft:white_carpet":6,"minecraft:iron_axe":2,"minecraft:ladder":81,"minecraft:stone_pickaxe":1,"minecraft:cobblestone_wall":6,"minecraft:diamond_boots":6,"minecraft:netherite_scrap":48,"minecraft:dark_oak_planks":384,"minecraft:wheat":292,"minecraft:cooked_beef":50,"minecraft:diamond_sword":4,"minecraft:enchanting_table":1,"minecraft:iron_sword":6,"minecraft:light_blue_wool":6,"minecraft:golden_shovel":4,"minecraft:bucket":1,"minecraft:air":0,"minecraft:bread":99,"minecraft:light_blue_carpet":9,"minecraft:oak_boat":1,"minecraft:white_wool":1,"minecraft:golden_apple":60,"minecraft:iron_shovel":3,"minecraft:iron_leggings":4,"minecraft:anvil":1,"minecraft:white_bed":1,"minecraft:torch":72,"minecraft:diamond_chestplate":2},"minecraft:mined":{"minecraft:dark_oak_planks":2,"minecraft:spruce_planks":2,"minecraft:white_bed":1,"minecraft:light_blue_carpet":6,"minecraft:brewing_stand":1,"minecraft:obsidian":7,"minecraft:granite":86,"minecraft:grass_block":427,"minecraft:soul_soil":81,"minecraft:crimson_fungus":1,"minecraft:hopper":8,"minecraft:oxeye_daisy":2,"minecraft:oak_wall_sign":16,"minecraft:nether_wart":25,"minecraft:tall_seagrass":2,"minecraft:weeping_vines_plant":1,"minecraft:magma_block":285,"minecraft:glowstone":24,"minecraft:iron_ore":109,"minecraft:fire":12,"minecraft:nether_brick_stairs":4,"minecraft:dark_oak_stairs":3,"minecraft:enchanting_table":1,"minecraft:oak_sign":1,"minecraft:blue_orchid":8,"minecraft:spruce_slab":1,"minecraft:blackstone":88,"minecraft:kelp_plant":13,"minecraft:crimson_nylium":12,"minecraft:smoker":1,"minecraft:torch":2,"minecraft:poppy":2,"minecraft:chest":5,"minecraft:nether_quartz_ore":24,"minecraft:cobblestone":299,"minecraft:oak_planks":1,"minecraft:sugar_cane":72,"minecraft:wall_torch":17,"minecraft:seagrass":1,"minecraft:dark_oak_slab":1,"minecraft:birch_log":30,"minecraft:smooth_stone_slab":6,"minecraft:grass":168,"minecraft:oak_log":59,"minecraft:sand":78,"minecraft:dirt":464,"minecraft:wither_skeleton_skull":7,"minecraft:ancient_debris":48,"minecraft:netherrack":8442,"minecraft:oak_leaves":209,"minecraft:nether_gold_ore":2,"minecraft:diamond_ore":79,"minecraft:dark_oak_leaves":120,"minecraft:oak_door":4,"minecraft:dark_oak_log":92,"minecraft:nether_bricks":2,"minecraft:ladder":3,"minecraft:crimson_roots":2,"minecraft:spruce_leaves":70,"minecraft:kelp":5,"minecraft:large_fern":2,"minecraft:hay_block":34,"minecraft:redstone_ore":62,"minecraft:furnace":10,"minecraft:andesite":88,"minecraft:peony":1,"minecraft:bookshelf":2,"minecraft:cobblestone_slab":4,"minecraft:stone":1586,"minecraft:soul_sand":199,"minecraft:basalt":3,"minecraft:dandelion":2,"minecraft:crafting_table":15,"minecraft:tall_grass":55,"minecraft:lapis_ore":48,"minecraft:diorite":107,"minecraft:sweet_berry_bush":19,"minecraft:ice":1,"minecraft:spruce_log":1,"minecraft:birch_leaves":15,"minecraft:coal_ore":77,"minecraft:gravel":221,"minecraft:gold_ore":15,"minecraft:chipped_anvil":1,"minecraft:fern":1},"minecraft:killed_by":{"minecraft:evoker":1,"minecraft:vindicator":1,"minecraft:zombie":3,"minecraft:vex":1,"minecraft:player":26,"minecraft:skeleton":1},"minecraft:picked_up":{"minecraft:iron_chestplate":5,"minecraft:wheat":5,"minecraft:diamond_sword":3,"minecraft:potion":4,"minecraft:enchanted_book":1,"minecraft:brewing_stand":1,"minecraft:string":61,"minecraft:smooth_stone_slab":21,"minecraft:iron_leggings":9,"minecraft:experience_bottle":128,"minecraft:oak_sign":20,"minecraft:diamond_leggings":2,"minecraft:bucket":1,"minecraft:spruce_planks":4,"minecraft:white_tulip":14,"minecraft:cobblestone_slab":9,"minecraft:iron_pickaxe":2,"minecraft:enchanted_golden_apple":1,"minecraft:iron_boots":4,"minecraft:furnace":20,"minecraft:tipped_arrow":1,"minecraft:stick":13,"minecraft:torch":38,"minecraft:porkchop":20,"minecraft:diorite":140,"minecraft:warped_button":2,"minecraft:zombie_spawn_egg":4,"minecraft:stone_sword":1,"minecraft:rotten_flesh":113,"minecraft:blaze_rod":41,"minecraft:obsidian":31,"minecraft:snowball":177,"minecraft:cobblestone":2626,"minecraft:nautilus_shell":1,"minecraft:birch_log":30,"minecraft:enchanting_table":2,"minecraft:magma_block":22,"minecraft:feather":1,"minecraft:cooked_beef":69,"minecraft:magma_cream":4,"minecraft:water_bucket":4,"minecraft:andesite":123,"minecraft:brown_wool":1,"minecraft:smoker":1,"minecraft:flint":11,"minecraft:wither_skeleton_skull":9,"minecraft:netherite_leggings":5,"minecraft:lapis_lazuli":387,"minecraft:dirt":1707,"minecraft:glass":14,"minecraft:bone":938,"minecraft:chipped_anvil":3,"minecraft:bow":13,"minecraft:wheat_seeds":58,"minecraft:diamond_helmet":2,"minecraft:glowstone_dust":79,"minecraft:oak_planks":160,"minecraft:sand":107,"minecraft:ink_sac":1,"minecraft:grass_block":371,"minecraft:dark_oak_log":96,"minecraft:sugar":5,"minecraft:diamond":227,"minecraft:netherite_helmet":6,"minecraft:crossbow":11,"minecraft:granite":69,"minecraft:golden_apple":72,"minecraft:emerald":29,"minecraft:bread":1,"minecraft:oak_sapling":3,"minecraft:netherrack":1419,"minecraft:nether_star":2,"minecraft:oak_leaves":319,"minecraft:crimson_roots":2,"minecraft:diamond_pickaxe":6,"minecraft:spruce_leaves":141,"minecraft:charcoal":2,"minecraft:lingering_potion":8,"minecraft:crafting_table":15,"minecraft:azure_bluet":9,"minecraft:ladder":3,"minecraft:splash_potion":3,"minecraft:chicken":10,"minecraft:nether_wart":44,"minecraft:wooden_pickaxe":1,"minecraft:shield":6,"minecraft:cornflower":7,"minecraft:iron_axe":5,"minecraft:wooden_sword":1,"minecraft:iron_shovel":1,"minecraft:blue_orchid":8,"minecraft:beef":79,"minecraft:oak_boat":3,"minecraft:iron_nugget":18,"minecraft:poppy":5,"minecraft:sugar_cane":137,"minecraft:chest":7,"minecraft:birch_sapling":1,"minecraft:phantom_membrane":1,"minecraft:dark_oak_sapling":5,"minecraft:stone":63,"minecraft:oak_door":4,"minecraft:carrot":6,"minecraft:redstone":390,"minecraft:dark_oak_planks":2,"minecraft:arrow":110,"minecraft:weeping_vines":1,"minecraft:diamond_chestplate":4,"minecraft:shears":1,"minecraft:diamond_boots":5,"minecraft:hay_block":38,"minecraft:pink_tulip":9,"minecraft:totem_of_undying":10,"minecraft:saddle":1,"minecraft:gold_ingot":129,"minecraft:mutton":42,"minecraft:white_wool":52,"minecraft:oxeye_daisy":1,"minecraft:netherite_boots":5,"minecraft:birch_leaves":1,"minecraft:golden_carrot":32,"minecraft:leather":43,"minecraft:filled_map":1,"minecraft:oak_log":61,"minecraft:ancient_debris":48,"minecraft:cobblestone_wall":6,"minecraft:gunpowder":39,"minecraft:paper":5,"minecraft:white_banner":25,"minecraft:spawner":4,"minecraft:cooked_mutton":19,"minecraft:apple":1,"minecraft:kelp":13,"minecraft:iron_ingot":25,"minecraft:stone_pickaxe":2,"minecraft:iron_ore":133,"minecraft:iron_sword":1,"minecraft:soul_sand":105,"minecraft:dark_oak_stairs":3,"minecraft:book":24,"minecraft:dark_oak_slab":1,"minecraft:sweet_berries":40,"minecraft:quartz":42,"minecraft:dandelion":3,"minecraft:gravel":11,"minecraft:spruce_sapling":14,"minecraft:white_bed":3,"minecraft:spruce_log":1,"minecraft:gold_ore":41,"minecraft:spider_eye":13,"minecraft:diamond_shovel":1,"minecraft:light_blue_carpet":8,"minecraft:iron_helmet":2,"minecraft:black_wool":2,"minecraft:coal":217,"minecraft:hopper":8},"minecraft:dropped":{"minecraft:gold_ore":9,"minecraft:iron_sword":1,"minecraft:soul_sand":2,"minecraft:lapis_lazuli":64,"minecraft:cooked_beef":21,"minecraft:glass_bottle":1,"minecraft:crafting_table":1,"minecraft:dark_oak_slab":1,"minecraft:crossbow":9,"minecraft:leather":2,"minecraft:dirt":307,"minecraft:cornflower":7,"minecraft:mutton":1,"minecraft:crimson_roots":2,"minecraft:netherite_boots":1,"minecraft:snowball":16,"minecraft:wooden_sword":1,"minecraft:sand":11,"minecraft:sugar":3,"minecraft:iron_pickaxe":2,"minecraft:dark_oak_planks":2,"minecraft:birch_log":6,"minecraft:white_wool":19,"minecraft:bone":569,"minecraft:white_tulip":14,"minecraft:sugar_cane":1,"minecraft:iron_nugget":18,"minecraft:obsidian":9,"minecraft:rotten_flesh":46,"minecraft:oak_planks":14,"minecraft:cooked_mutton":3,"minecraft:azure_bluet":9,"minecraft:carrot":5,"minecraft:poppy":4,"minecraft:tipped_arrow":1,"minecraft:gunpowder":26,"minecraft:glass":7,"minecraft:beef":13,"minecraft:oak_leaves":130,"minecraft:netherrack":407,"minecraft:water_bucket":1,"minecraft:iron_ingot":1,"minecraft:bread":36,"minecraft:wheat_seeds":33,"minecraft:netherite_helmet":2,"minecraft:feather":1,"minecraft:cobblestone":343,"minecraft:book":1,"minecraft:granite":10,"minecraft:grass_block":242,"minecraft:coal":2,"minecraft:golden_apple":24,"minecraft:stick":13,"minecraft:diorite":69,"minecraft:torch":7,"minecraft:diamond_helmet":1,"minecraft:iron_leggings":7,"minecraft:white_banner":8,"minecraft:iron_axe":2,"minecraft:chipped_anvil":1,"minecraft:paper":2,"minecraft:string":6,"minecraft:spruce_sapling":2,"minecraft:dandelion":2,"minecraft:pink_tulip":9,"minecraft:redstone":31,"minecraft:furnace":8,"minecraft:kelp":13,"minecraft:iron_boots":1,"minecraft:totem_of_undying":1,"minecraft:netherite_leggings":1,"minecraft:diamond_sword":1,"minecraft:potato":3,"minecraft:stone":3,"minecraft:spruce_planks":2,"minecraft:diamond_pickaxe":4,"minecraft:iron_chestplate":5,"minecraft:andesite":127,"minecraft:oak_boat":1,"minecraft:spider_eye":9,"minecraft:diamond_boots":1,"minecraft:bow":5,"minecraft:stone_pickaxe":1,"minecraft:black_wool":2},"minecraft:broken":{"minecraft:iron_shovel":1,"minecraft:diamond_helmet":1,"minecraft:shears":1,"minecraft:iron_boots":1,"minecraft:golden_shovel":4,"minecraft:iron_sword":1,"minecraft:stone_shovel":1,"minecraft:netherite_leggings":1,"minecraft:diamond_chestplate":1,"minecraft:netherite_helmet":2,"minecraft:shield":3,"minecraft:iron_axe":2,"minecraft:iron_helmet":1,"minecraft:netherite_boots":1}},"DataVersion":2586}