{"stats":{"minecraft:crafted":{"minecraft:oak_door":6,"minecraft:oak_planks":180,"minecraft:cobblestone_slab":30,"minecraft:stone_shovel":2,"minecraft:oak_sign":9,"minecraft:cooked_chicken":10,"minecraft:furnace":1,"minecraft:bookshelf":13,"minecraft:white_carpet":6,"minecraft:cooked_mutton":22,"minecraft:hopper":7,"minecraft:iron_boots":2,"minecraft:iron_axe":2,"minecraft:ladder":81,"minecraft:stone_pickaxe":1,"minecraft:cobblestone_wall":6,"minecraft:chest":21,"minecraft:dark_oak_planks":376,"minecraft:wheat":292,"minecraft:cooked_beef":50,"minecraft:diamond_sword":2,"minecraft:cooked_porkchop":6,"minecraft:crafting_table":3,"minecraft:enchanting_table":1,"minecraft:wooden_pickaxe":2,"minecraft:iron_helmet":1,"minecraft:iron_sword":6,"minecraft:light_blue_wool":6,"minecraft:golden_shovel":4,"minecraft:bucket":1,"minecraft:bread":99,"minecraft:air":0,"minecraft:light_blue_carpet":9,"minecraft:book":37,"minecraft:white_wool":1,"minecraft:iron_chestplate":2,"minecraft:paper":99,"minecraft:charcoal":17,"minecraft:diamond_pickaxe":2,"minecraft:shield":1,"minecraft:stick":332,"minecraft:light_blue_dye":8,"minecraft:iron_ingot":159,"minecraft:iron_pickaxe":1,"minecraft:iron_block":3,"minecraft:stone_sword":1,"minecraft:iron_shovel":3,"minecraft:gold_ingot":24,"minecraft:iron_leggings":3,"minecraft:anvil":1,"minecraft:white_bed":1,"minecraft:torch":72,"minecraft:shears":1},"minecraft:killed_by":{"minecraft:player":5,"minecraft:skeleton":1,"minecraft:zombie":3},"minecraft:used":{"minecraft:stone_sword":8,"minecraft:enchanting_table":2,"minecraft:iron_shovel":392,"minecraft:stone_shovel":275,"minecraft:ladder":74,"minecraft:poppy":1,"minecraft:oak_sign":23,"minecraft:chest":8,"minecraft:shield":147,"minecraft:iron_sword":443,"minecraft:zombie_spawn_egg":3,"minecraft:cooked_chicken":10,"minecraft:rotten_flesh":4,"minecraft:oak_door":10,"minecraft:torch":107,"minecraft:dirt":777,"minecraft:brewing_stand":1,"minecraft:anvil":1,"minecraft:hopper":15,"minecraft:golden_shovel":136,"minecraft:obsidian":9,"minecraft:chipped_anvil":1,"minecraft:bookshelf":13,"minecraft:iron_axe":415,"minecraft:spawner":4,"minecraft:bow":12,"minecraft:sweet_berries":35,"minecraft:furnace":14,"minecraft:cooked_beef":27,"minecraft:light_blue_carpet":12,"minecraft:cooked_mutton":4,"minecraft:water_bucket":67,"minecraft:stone_pickaxe":47,"minecraft:oak_planks":18,"minecraft:wooden_pickaxe":28,"minecraft:cobblestone_slab":29,"minecraft:sugar_cane":8,"minecraft:oak_leaves":96,"minecraft:sand":2,"minecraft:crafting_table":15,"minecraft:crossbow":1,"minecraft:white_bed":2,"minecraft:smoker":1,"minecraft:shears":238,"minecraft:diamond_pickaxe":1225,"minecraft:oxeye_daisy":1,"minecraft:apple":1,"minecraft:iron_pickaxe":237,"minecraft:bread":54,"minecraft:diamond_sword":59,"minecraft:cobblestone":1173,"minecraft:cooked_porkchop":6,"minecraft:bucket":67},"minecraft:picked_up":{"minecraft:charcoal":2,"minecraft:spruce_leaves":141,"minecraft:iron_chestplate":5,"minecraft:crafting_table":15,"minecraft:wheat":5,"minecraft:ladder":2,"minecraft:chicken":10,"minecraft:wooden_pickaxe":1,"minecraft:brewing_stand":1,"minecraft:shield":4,"minecraft:string":55,"minecraft:iron_axe":4,"minecraft:smooth_stone_slab":7,"minecraft:iron_leggings":4,"minecraft:oak_sign":17,"minecraft:blue_orchid":8,"minecraft:bucket":1,"minecraft:spruce_planks":4,"minecraft:beef":79,"minecraft:white_tulip":14,"minecraft:cobblestone_slab":4,"minecraft:iron_nugget":18,"minecraft:poppy":5,"minecraft:iron_pickaxe":2,"minecraft:sugar_cane":117,"minecraft:chest":2,"minecraft:iron_boots":3,"minecraft:furnace":12,"minecraft:dark_oak_sapling":5,"minecraft:stick":10,"minecraft:oak_door":4,"minecraft:torch":27,"minecraft:porkchop":6,"minecraft:diorite":46,"minecraft:warped_button":2,"minecraft:carrot":6,"minecraft:redstone":136,"minecraft:dark_oak_planks":2,"minecraft:zombie_spawn_egg":4,"minecraft:arrow":59,"minecraft:rotten_flesh":57,"minecraft:hay_block":38,"minecraft:mutton":42,"minecraft:obsidian":31,"minecraft:white_wool":52,"minecraft:cobblestone":1050,"minecraft:oxeye_daisy":1,"minecraft:birch_log":30,"minecraft:enchanting_table":2,"minecraft:birch_leaves":1,"minecraft:feather":1,"minecraft:cooked_beef":3,"minecraft:water_bucket":3,"minecraft:andesite":24,"minecraft:leather":37,"minecraft:brown_wool":1,"minecraft:smoker":1,"minecraft:filled_map":1,"minecraft:oak_log":50,"minecraft:gunpowder":8,"minecraft:lapis_lazuli":108,"minecraft:dirt":1028,"minecraft:paper":3,"minecraft:white_banner":16,"minecraft:spawner":4,"minecraft:cooked_mutton":1,"minecraft:bone":57,"minecraft:chipped_anvil":3,"minecraft:apple":1,"minecraft:kelp":13,"minecraft:bow":6,"minecraft:wheat_seeds":25,"minecraft:iron_ingot":24,"minecraft:stone_pickaxe":2,"minecraft:iron_ore":115,"minecraft:oak_planks":115,"minecraft:iron_sword":1,"minecraft:dark_oak_stairs":3,"minecraft:book":24,"minecraft:dark_oak_slab":1,"minecraft:sweet_berries":40,"minecraft:dandelion":2,"minecraft:sand":2,"minecraft:ink_sac":1,"minecraft:white_bed":2,"minecraft:spruce_log":1,"minecraft:gold_ore":25,"minecraft:dark_oak_log":94,"minecraft:spider_eye":10,"minecraft:sugar":2,"minecraft:diamond":8,"minecraft:light_blue_carpet":5,"minecraft:iron_helmet":1,"minecraft:crossbow":1,"minecraft:granite":35,"minecraft:bread":1,"minecraft:emerald":7,"minecraft:oak_sapling":2,"minecraft:black_wool":2,"minecraft:coal":101,"minecraft:oak_leaves":319,"minecraft:hopper":8,"minecraft:diamond_pickaxe":4},"minecraft:broken":{"minecraft:iron_shovel":1,"minecraft:shears":1,"minecraft:iron_boots":1,"minecraft:golden_shovel":4,"minecraft:shield":1,"minecraft:iron_axe":2,"minecraft:iron_sword":1,"minecraft:iron_helmet":1,"minecraft:stone_shovel":1},"minecraft:mined":{"minecraft:dark_oak_planks":2,"minecraft:diamond_ore":8,"minecraft:spruce_planks":2,"minecraft:white_bed":1,"minecraft:dark_oak_leaves":120,"minecraft:oak_door":4,"minecraft:dark_oak_log":90,"minecraft:light_blue_carpet":6,"minecraft:brewing_stand":1,"minecraft:ladder":2,"minecraft:obsidian":7,"minecraft:granite":66,"minecraft:grass_block":418,"minecraft:spruce_leaves":60,"minecraft:kelp":5,"minecraft:hopper":8,"minecraft:oxeye_daisy":2,"minecraft:oak_wall_sign":16,"minecraft:large_fern":2,"minecraft:hay_block":34,"minecraft:redstone_ore":7,"minecraft:furnace":10,"minecraft:iron_ore":97,"minecraft:andesite":27,"minecraft:peony":1,"minecraft:enchanting_table":1,"minecraft:dark_oak_stairs":3,"minecraft:bookshelf":2,"minecraft:cobblestone_slab":4,"minecraft:oak_sign":1,"minecraft:stone":847,"minecraft:blue_orchid":8,"minecraft:spruce_slab":1,"minecraft:kelp_plant":13,"minecraft:smoker":1,"minecraft:dandelion":2,"minecraft:torch":1,"minecraft:crafting_table":14,"minecraft:poppy":2,"minecraft:chest":2,"minecraft:tall_grass":40,"minecraft:cobblestone":278,"minecraft:lapis_ore":8,"minecraft:sugar_cane":60,"minecraft:wall_torch":17,"minecraft:diorite":47,"minecraft:seagrass":1,"minecraft:dark_oak_slab":1,"minecraft:birch_log":30,"minecraft:sweet_berry_bush":19,"minecraft:spruce_log":1,"minecraft:birch_leaves":15,"minecraft:smooth_stone_slab":6,"minecraft:grass":124,"minecraft:coal_ore":19,"minecraft:oak_log":50,"minecraft:gravel":1,"minecraft:sand":2,"minecraft:dirt":431,"minecraft:gold_ore":7,"minecraft:chipped_anvil":1,"minecraft:oak_leaves":207,"minecraft:fern":1},"minecraft:killed":{"minecraft:witch":1,"minecraft:spider":38,"minecraft:skeleton":29,"minecraft:chicken":11,"minecraft:pig":4,"minecraft:iron_golem":4,"minecraft:creeper":14,"minecraft:sheep":24,"minecraft:pillager":36,"minecraft:zombie":250,"minecraft:cow":31},"minecraft:custom":{"minecraft:interact_with_anvil":7,"minecraft:mob_kills":443,"minecraft:inspect_hopper":49,"minecraft:interact_with_crafting_table":95,"minecraft:leave_game":5,"minecraft:time_since_death":49450,"minecraft:climb_one_cm":53227,"minecraft:sprint_one_cm":1094226,"minecraft:walk_one_cm":453665,"minecraft:damage_blocked_by_shield":4820,"minecraft:drop":110,"minecraft:talked_to_villager":5,"minecraft:deaths":14,"minecraft:sneak_time":38967,"minecraft:walk_under_water_one_cm":15587,"minecraft:interact_with_brewingstand":3,"minecraft:jump":7485,"minecraft:enchant_item":16,"minecraft:walk_on_water_one_cm":191451,"minecraft:interact_with_furnace":125,"minecraft:play_one_minute":350197,"minecraft:sleep_in_bed":2,"minecraft:time_since_rest":49537,"minecraft:damage_taken":7854,"minecraft:damage_dealt":46369,"minecraft:player_kills":8,"minecraft:swim_one_cm":120290,"minecraft:fly_one_cm":1391644,"minecraft:open_chest":109,"minecraft:crouch_one_cm":160503,"minecraft:interact_with_smoker":12,"minecraft:fall_one_cm":176164},"minecraft:dropped":{"minecraft:water_bucket":1,"minecraft:gold_ore":9,"minecraft:bread":36,"minecraft:iron_sword":1,"minecraft:wheat_seeds":10,"minecraft:lapis_lazuli":60,"minecraft:crafting_table":1,"minecraft:dark_oak_slab":1,"minecraft:crossbow":1,"minecraft:feather":1,"minecraft:cobblestone":140,"minecraft:book":1,"minecraft:granite":10,"minecraft:stick":6,"minecraft:dirt":56,"minecraft:diorite":5,"minecraft:mutton":1,"minecraft:iron_leggings":4,"minecraft:white_banner":8,"minecraft:iron_axe":1,"minecraft:iron_pickaxe":2,"minecraft:chipped_anvil":1,"minecraft:paper":1,"minecraft:dark_oak_planks":2,"minecraft:birch_log":6,"minecraft:white_wool":19,"minecraft:dandelion":1,"minecraft:redstone":31,"minecraft:bone":48,"minecraft:white_tulip":14,"minecraft:kelp":13,"minecraft:sugar_cane":1,"minecraft:iron_nugget":18,"minecraft:obsidian":9,"minecraft:rotten_flesh":14,"minecraft:iron_boots":1,"minecraft:oak_planks":14,"minecraft:carrot":5,"minecraft:poppy":4,"minecraft:spruce_planks":2,"minecraft:diamond_pickaxe":4,"minecraft:iron_chestplate":4,"minecraft:andesite":5,"minecraft:spider_eye":6,"minecraft:bow":3,"minecraft:stone_pickaxe":1,"minecraft:beef":13,"minecraft:oak_leaves":130,"minecraft:black_wool":2}},"DataVersion":2586}