{"stats":{"minecraft:crafted":{"minecraft:oak_door":6,"minecraft:oak_planks":140,"minecraft:stone_shovel":2,"minecraft:cooked_chicken":10,"minecraft:furnace":1,"minecraft:bookshelf":11,"minecraft:cooked_mutton":22,"minecraft:iron_boots":2,"minecraft:iron_axe":2,"minecraft:ladder":81,"minecraft:stone_pickaxe":1,"minecraft:chest":2,"minecraft:dark_oak_planks":224,"minecraft:wheat":292,"minecraft:cooked_beef":50,"minecraft:cooked_porkchop":6,"minecraft:crafting_table":2,"minecraft:enchanting_table":1,"minecraft:wooden_pickaxe":2,"minecraft:iron_helmet":1,"minecraft:iron_sword":5,"minecraft:golden_shovel":2,"minecraft:bucket":1,"minecraft:bread":99,"minecraft:air":0,"minecraft:iron_chestplate":2,"minecraft:book":29,"minecraft:paper":75,"minecraft:diamond_pickaxe":2,"minecraft:charcoal":17,"minecraft:shield":1,"minecraft:stick":328,"minecraft:iron_ingot":79,"minecraft:iron_pickaxe":1,"minecraft:iron_block":3,"minecraft:iron_leggings":3,"minecraft:gold_ingot":6,"minecraft:anvil":1,"minecraft:white_bed":1,"minecraft:shears":1},"minecraft:killed_by":{"minecraft:player":5,"minecraft:skeleton":1,"minecraft:zombie":2},"minecraft:used":{"minecraft:enchanting_table":2,"minecraft:stone_shovel":218,"minecraft:poppy":1,"minecraft:chest":4,"minecraft:shield":137,"minecraft:iron_sword":242,"minecraft:cooked_chicken":10,"minecraft:rotten_flesh":4,"minecraft:oak_door":10,"minecraft:brewing_stand":1,"minecraft:dirt":44,"minecraft:anvil":1,"minecraft:golden_shovel":70,"minecraft:obsidian":9,"minecraft:chipped_anvil":1,"minecraft:bookshelf":11,"minecraft:iron_axe":339,"minecraft:bow":7,"minecraft:sweet_berries":35,"minecraft:furnace":14,"minecraft:cooked_beef":27,"minecraft:cooked_mutton":4,"minecraft:water_bucket":26,"minecraft:stone_pickaxe":47,"minecraft:oak_planks":18,"minecraft:wooden_pickaxe":28,"minecraft:sugar_cane":8,"minecraft:oak_leaves":96,"minecraft:sand":2,"minecraft:crafting_table":11,"minecraft:crossbow":1,"minecraft:white_bed":2,"minecraft:shears":238,"minecraft:smoker":1,"minecraft:diamond_pickaxe":338,"minecraft:oxeye_daisy":1,"minecraft:apple":1,"minecraft:bread":5,"minecraft:iron_pickaxe":237,"minecraft:cobblestone":215,"minecraft:cooked_porkchop":6,"minecraft:bucket":27},"minecraft:picked_up":{"minecraft:spruce_leaves":141,"minecraft:charcoal":2,"minecraft:crafting_table":11,"minecraft:iron_chestplate":4,"minecraft:wheat":5,"minecraft:chicken":10,"minecraft:wooden_pickaxe":1,"minecraft:brewing_stand":1,"minecraft:shield":3,"minecraft:string":43,"minecraft:iron_axe":4,"minecraft:smooth_stone_slab":7,"minecraft:iron_leggings":4,"minecraft:blue_orchid":8,"minecraft:spruce_planks":4,"minecraft:beef":79,"minecraft:iron_nugget":18,"minecraft:poppy":5,"minecraft:iron_pickaxe":2,"minecraft:sugar_cane":93,"minecraft:chest":2,"minecraft:iron_boots":2,"minecraft:furnace":12,"minecraft:dark_oak_sapling":5,"minecraft:stick":10,"minecraft:oak_door":4,"minecraft:porkchop":6,"minecraft:diorite":24,"minecraft:warped_button":2,"minecraft:carrot":5,"minecraft:redstone":105,"minecraft:dark_oak_planks":2,"minecraft:zombie_spawn_egg":4,"minecraft:arrow":48,"minecraft:rotten_flesh":26,"minecraft:hay_block":38,"minecraft:obsidian":31,"minecraft:mutton":42,"minecraft:white_wool":52,"minecraft:cobblestone":415,"minecraft:oxeye_daisy":1,"minecraft:birch_log":30,"minecraft:enchanting_table":2,"minecraft:birch_leaves":1,"minecraft:feather":1,"minecraft:cooked_beef":3,"minecraft:water_bucket":3,"minecraft:andesite":6,"minecraft:brown_wool":1,"minecraft:leather":37,"minecraft:smoker":1,"minecraft:filled_map":1,"minecraft:oak_log":40,"minecraft:gunpowder":3,"minecraft:lapis_lazuli":108,"minecraft:dirt":358,"minecraft:paper":3,"minecraft:white_banner":16,"minecraft:spawner":4,"minecraft:cooked_mutton":1,"minecraft:bone":48,"minecraft:chipped_anvil":3,"minecraft:apple":1,"minecraft:kelp":13,"minecraft:bow":6,"minecraft:wheat_seeds":19,"minecraft:iron_ingot":15,"minecraft:stone_pickaxe":2,"minecraft:iron_ore":115,"minecraft:iron_sword":1,"minecraft:oak_planks":105,"minecraft:dark_oak_stairs":3,"minecraft:book":24,"minecraft:dark_oak_slab":1,"minecraft:sweet_berries":40,"minecraft:sand":2,"minecraft:ink_sac":1,"minecraft:white_bed":2,"minecraft:spruce_log":1,"minecraft:gold_ore":25,"minecraft:dark_oak_log":56,"minecraft:spider_eye":9,"minecraft:sugar":2,"minecraft:diamond":8,"minecraft:iron_helmet":1,"minecraft:crossbow":1,"minecraft:granite":1,"minecraft:emerald":7,"minecraft:oak_sapling":2,"minecraft:black_wool":2,"minecraft:oak_leaves":319,"minecraft:coal":101,"minecraft:diamond_pickaxe":4},"minecraft:broken":{"minecraft:shears":1,"minecraft:golden_shovel":2,"minecraft:shield":1,"minecraft:iron_axe":1},"minecraft:mined":{"minecraft:dark_oak_planks":2,"minecraft:diamond_ore":8,"minecraft:spruce_planks":2,"minecraft:white_bed":1,"minecraft:dark_oak_leaves":120,"minecraft:oak_door":4,"minecraft:dark_oak_log":52,"minecraft:brewing_stand":1,"minecraft:obsidian":7,"minecraft:granite":1,"minecraft:grass_block":154,"minecraft:spruce_leaves":60,"minecraft:kelp":5,"minecraft:oxeye_daisy":2,"minecraft:large_fern":2,"minecraft:hay_block":34,"minecraft:redstone_ore":7,"minecraft:furnace":10,"minecraft:iron_ore":94,"minecraft:andesite":9,"minecraft:peony":1,"minecraft:dark_oak_stairs":3,"minecraft:enchanting_table":1,"minecraft:bookshelf":2,"minecraft:stone":351,"minecraft:blue_orchid":8,"minecraft:spruce_slab":1,"minecraft:kelp_plant":13,"minecraft:smoker":1,"minecraft:crafting_table":10,"minecraft:poppy":2,"minecraft:chest":2,"minecraft:tall_grass":35,"minecraft:cobblestone":21,"minecraft:lapis_ore":8,"minecraft:sugar_cane":44,"minecraft:diorite":25,"minecraft:seagrass":1,"minecraft:dark_oak_slab":1,"minecraft:birch_log":30,"minecraft:sweet_berry_bush":19,"minecraft:spruce_log":1,"minecraft:birch_leaves":4,"minecraft:smooth_stone_slab":6,"minecraft:grass":99,"minecraft:oak_log":40,"minecraft:coal_ore":17,"minecraft:sand":2,"minecraft:gravel":1,"minecraft:dirt":157,"minecraft:gold_ore":7,"minecraft:chipped_anvil":1,"minecraft:oak_leaves":206,"minecraft:fern":1},"minecraft:killed":{"minecraft:witch":1,"minecraft:spider":23,"minecraft:skeleton":17,"minecraft:chicken":10,"minecraft:pig":4,"minecraft:iron_golem":2,"minecraft:creeper":6,"minecraft:sheep":24,"minecraft:pillager":36,"minecraft:zombie":27,"minecraft:cow":31},"minecraft:custom":{"minecraft:interact_with_anvil":5,"minecraft:mob_kills":181,"minecraft:interact_with_crafting_table":64,"minecraft:leave_game":4,"minecraft:time_since_death":87580,"minecraft:climb_one_cm":213,"minecraft:sprint_one_cm":780682,"minecraft:walk_one_cm":246269,"minecraft:damage_blocked_by_shield":4475,"minecraft:drop":83,"minecraft:talked_to_villager":5,"minecraft:deaths":13,"minecraft:sneak_time":17645,"minecraft:walk_under_water_one_cm":15317,"minecraft:interact_with_brewingstand":2,"minecraft:jump":5210,"minecraft:walk_on_water_one_cm":32340,"minecraft:enchant_item":13,"minecraft:interact_with_furnace":97,"minecraft:play_one_minute":201164,"minecraft:sleep_in_bed":2,"minecraft:time_since_rest":19520,"minecraft:damage_taken":5732,"minecraft:damage_dealt":32147,"minecraft:player_kills":8,"minecraft:swim_one_cm":119503,"minecraft:fly_one_cm":1045361,"minecraft:open_chest":54,"minecraft:crouch_one_cm":67140,"minecraft:interact_with_smoker":6,"minecraft:fall_one_cm":132710},"minecraft:dropped":{"minecraft:bread":35,"minecraft:water_bucket":1,"minecraft:gold_ore":9,"minecraft:iron_sword":1,"minecraft:wheat_seeds":8,"minecraft:lapis_lazuli":60,"minecraft:crafting_table":1,"minecraft:crossbow":1,"minecraft:dark_oak_slab":1,"minecraft:feather":1,"minecraft:cobblestone":16,"minecraft:book":1,"minecraft:stick":6,"minecraft:dirt":56,"minecraft:diorite":5,"minecraft:mutton":1,"minecraft:iron_leggings":4,"minecraft:white_banner":8,"minecraft:iron_axe":1,"minecraft:chipped_anvil":1,"minecraft:iron_pickaxe":2,"minecraft:paper":1,"minecraft:dark_oak_planks":2,"minecraft:white_wool":19,"minecraft:birch_log":6,"minecraft:redstone":31,"minecraft:bone":40,"minecraft:kelp":13,"minecraft:iron_nugget":18,"minecraft:obsidian":9,"minecraft:rotten_flesh":9,"minecraft:oak_planks":14,"minecraft:iron_boots":1,"minecraft:carrot":5,"minecraft:poppy":4,"minecraft:spruce_planks":2,"minecraft:diamond_pickaxe":4,"minecraft:iron_chestplate":4,"minecraft:andesite":5,"minecraft:spider_eye":5,"minecraft:beef":13,"minecraft:bow":3,"minecraft:stone_pickaxe":1,"minecraft:oak_leaves":130,"minecraft:black_wool":2}},"DataVersion":2586}