{"stats":{"minecraft:crafted":{"minecraft:oak_door":6,"minecraft:oak_planks":180,"minecraft:oak_sign":9,"minecraft:stone_shovel":2,"minecraft:cooked_chicken":10,"minecraft:furnace":1,"minecraft:bookshelf":12,"minecraft:white_carpet":6,"minecraft:cooked_mutton":22,"minecraft:hopper":6,"minecraft:iron_boots":2,"minecraft:iron_axe":2,"minecraft:ladder":81,"minecraft:stone_pickaxe":1,"minecraft:chest":21,"minecraft:dark_oak_planks":376,"minecraft:wheat":292,"minecraft:cooked_beef":50,"minecraft:cooked_porkchop":6,"minecraft:crafting_table":3,"minecraft:enchanting_table":1,"minecraft:wooden_pickaxe":2,"minecraft:iron_helmet":1,"minecraft:light_blue_wool":6,"minecraft:iron_sword":5,"minecraft:golden_shovel":4,"minecraft:bucket":1,"minecraft:bread":99,"minecraft:air":0,"minecraft:light_blue_carpet":9,"minecraft:white_wool":1,"minecraft:iron_chestplate":2,"minecraft:book":32,"minecraft:paper":84,"minecraft:diamond_pickaxe":2,"minecraft:charcoal":17,"minecraft:shield":1,"minecraft:stick":332,"minecraft:light_blue_dye":8,"minecraft:iron_ingot":135,"minecraft:iron_pickaxe":1,"minecraft:iron_block":3,"minecraft:iron_shovel":3,"minecraft:iron_leggings":3,"minecraft:gold_ingot":6,"minecraft:anvil":1,"minecraft:white_bed":1,"minecraft:torch":72,"minecraft:shears":1},"minecraft:killed_by":{"minecraft:player":5,"minecraft:skeleton":1,"minecraft:zombie":2},"minecraft:used":{"minecraft:enchanting_table":2,"minecraft:iron_shovel":392,"minecraft:stone_shovel":275,"minecraft:ladder":69,"minecraft:poppy":1,"minecraft:oak_sign":23,"minecraft:chest":4,"minecraft:shield":143,"minecraft:iron_sword":340,"minecraft:cooked_chicken":10,"minecraft:rotten_flesh":4,"minecraft:oak_door":10,"minecraft:torch":72,"minecraft:brewing_stand":1,"minecraft:dirt":707,"minecraft:anvil":1,"minecraft:hopper":14,"minecraft:golden_shovel":136,"minecraft:obsidian":9,"minecraft:chipped_anvil":1,"minecraft:bookshelf":12,"minecraft:iron_axe":407,"minecraft:bow":11,"minecraft:sweet_berries":35,"minecraft:furnace":14,"minecraft:cooked_beef":27,"minecraft:light_blue_carpet":6,"minecraft:cooked_mutton":4,"minecraft:water_bucket":67,"minecraft:stone_pickaxe":47,"minecraft:oak_planks":18,"minecraft:wooden_pickaxe":28,"minecraft:sugar_cane":8,"minecraft:oak_leaves":96,"minecraft:sand":2,"minecraft:crafting_table":13,"minecraft:crossbow":1,"minecraft:white_bed":2,"minecraft:shears":238,"minecraft:smoker":1,"minecraft:diamond_pickaxe":717,"minecraft:oxeye_daisy":1,"minecraft:apple":1,"minecraft:bread":34,"minecraft:iron_pickaxe":237,"minecraft:cobblestone":999,"minecraft:cooked_porkchop":6,"minecraft:bucket":67},"minecraft:picked_up":{"minecraft:spruce_leaves":141,"minecraft:charcoal":2,"minecraft:crafting_table":13,"minecraft:iron_chestplate":4,"minecraft:wheat":5,"minecraft:chicken":10,"minecraft:wooden_pickaxe":1,"minecraft:brewing_stand":1,"minecraft:shield":3,"minecraft:string":52,"minecraft:iron_axe":4,"minecraft:smooth_stone_slab":7,"minecraft:iron_leggings":4,"minecraft:oak_sign":17,"minecraft:blue_orchid":8,"minecraft:spruce_planks":4,"minecraft:beef":79,"minecraft:white_tulip":14,"minecraft:iron_nugget":18,"minecraft:poppy":5,"minecraft:iron_pickaxe":2,"minecraft:sugar_cane":101,"minecraft:chest":2,"minecraft:iron_boots":2,"minecraft:furnace":12,"minecraft:dark_oak_sapling":5,"minecraft:stick":10,"minecraft:oak_door":4,"minecraft:torch":24,"minecraft:porkchop":6,"minecraft:diorite":24,"minecraft:warped_button":2,"minecraft:carrot":6,"minecraft:redstone":105,"minecraft:dark_oak_planks":2,"minecraft:zombie_spawn_egg":4,"minecraft:arrow":53,"minecraft:rotten_flesh":35,"minecraft:hay_block":38,"minecraft:obsidian":31,"minecraft:mutton":42,"minecraft:white_wool":52,"minecraft:cobblestone":733,"minecraft:oxeye_daisy":1,"minecraft:birch_log":30,"minecraft:enchanting_table":2,"minecraft:birch_leaves":1,"minecraft:feather":1,"minecraft:cooked_beef":3,"minecraft:water_bucket":3,"minecraft:andesite":6,"minecraft:brown_wool":1,"minecraft:leather":37,"minecraft:smoker":1,"minecraft:filled_map":1,"minecraft:oak_log":50,"minecraft:gunpowder":3,"minecraft:lapis_lazuli":108,"minecraft:dirt":1005,"minecraft:paper":3,"minecraft:white_banner":16,"minecraft:spawner":4,"minecraft:cooked_mutton":1,"minecraft:bone":53,"minecraft:chipped_anvil":3,"minecraft:apple":1,"minecraft:kelp":13,"minecraft:bow":6,"minecraft:wheat_seeds":22,"minecraft:iron_ingot":19,"minecraft:stone_pickaxe":2,"minecraft:iron_ore":115,"minecraft:iron_sword":1,"minecraft:oak_planks":105,"minecraft:dark_oak_stairs":3,"minecraft:book":24,"minecraft:dark_oak_slab":1,"minecraft:sweet_berries":40,"minecraft:dandelion":2,"minecraft:sand":2,"minecraft:ink_sac":1,"minecraft:white_bed":2,"minecraft:spruce_log":1,"minecraft:gold_ore":25,"minecraft:dark_oak_log":94,"minecraft:spider_eye":9,"minecraft:sugar":2,"minecraft:diamond":8,"minecraft:iron_helmet":1,"minecraft:crossbow":1,"minecraft:granite":11,"minecraft:emerald":7,"minecraft:oak_sapling":2,"minecraft:black_wool":2,"minecraft:oak_leaves":319,"minecraft:coal":101,"minecraft:hopper":8,"minecraft:diamond_pickaxe":4},"minecraft:broken":{"minecraft:iron_shovel":1,"minecraft:shears":1,"minecraft:golden_shovel":4,"minecraft:shield":1,"minecraft:iron_axe":2,"minecraft:iron_sword":1,"minecraft:stone_shovel":1},"minecraft:mined":{"minecraft:dark_oak_planks":2,"minecraft:diamond_ore":8,"minecraft:spruce_planks":2,"minecraft:white_bed":1,"minecraft:dark_oak_leaves":120,"minecraft:oak_door":4,"minecraft:dark_oak_log":90,"minecraft:brewing_stand":1,"minecraft:obsidian":7,"minecraft:granite":11,"minecraft:grass_block":418,"minecraft:hopper":8,"minecraft:spruce_leaves":60,"minecraft:kelp":5,"minecraft:oak_wall_sign":16,"minecraft:oxeye_daisy":2,"minecraft:large_fern":2,"minecraft:hay_block":34,"minecraft:redstone_ore":7,"minecraft:furnace":10,"minecraft:iron_ore":94,"minecraft:andesite":9,"minecraft:peony":1,"minecraft:dark_oak_stairs":3,"minecraft:enchanting_table":1,"minecraft:bookshelf":2,"minecraft:oak_sign":1,"minecraft:stone":522,"minecraft:blue_orchid":8,"minecraft:spruce_slab":1,"minecraft:kelp_plant":13,"minecraft:smoker":1,"minecraft:dandelion":1,"minecraft:crafting_table":12,"minecraft:poppy":2,"minecraft:chest":2,"minecraft:tall_grass":38,"minecraft:cobblestone":205,"minecraft:lapis_ore":8,"minecraft:sugar_cane":52,"minecraft:wall_torch":17,"minecraft:diorite":25,"minecraft:seagrass":1,"minecraft:dark_oak_slab":1,"minecraft:birch_log":30,"minecraft:sweet_berry_bush":19,"minecraft:spruce_log":1,"minecraft:birch_leaves":15,"minecraft:smooth_stone_slab":6,"minecraft:grass":115,"minecraft:oak_log":50,"minecraft:coal_ore":19,"minecraft:sand":2,"minecraft:gravel":1,"minecraft:dirt":425,"minecraft:gold_ore":7,"minecraft:chipped_anvil":1,"minecraft:oak_leaves":207,"minecraft:fern":1},"minecraft:killed":{"minecraft:witch":1,"minecraft:spider":33,"minecraft:skeleton":22,"minecraft:chicken":10,"minecraft:pig":4,"minecraft:iron_golem":3,"minecraft:creeper":7,"minecraft:sheep":24,"minecraft:pillager":36,"minecraft:zombie":43,"minecraft:cow":31},"minecraft:custom":{"minecraft:interact_with_anvil":6,"minecraft:mob_kills":215,"minecraft:inspect_hopper":13,"minecraft:interact_with_crafting_table":84,"minecraft:leave_game":4,"minecraft:time_since_death":183580,"minecraft:climb_one_cm":17590,"minecraft:sprint_one_cm":1003869,"minecraft:walk_one_cm":371368,"minecraft:damage_blocked_by_shield":4710,"minecraft:drop":97,"minecraft:talked_to_villager":5,"minecraft:deaths":13,"minecraft:sneak_time":28609,"minecraft:walk_under_water_one_cm":15587,"minecraft:interact_with_brewingstand":2,"minecraft:jump":6648,"minecraft:walk_on_water_one_cm":184505,"minecraft:enchant_item":14,"minecraft:interact_with_furnace":115,"minecraft:play_one_minute":297164,"minecraft:sleep_in_bed":2,"minecraft:time_since_rest":115520,"minecraft:damage_taken":6795,"minecraft:damage_dealt":38733,"minecraft:player_kills":8,"minecraft:swim_one_cm":120290,"minecraft:fly_one_cm":1281237,"minecraft:open_chest":81,"minecraft:crouch_one_cm":110432,"minecraft:interact_with_smoker":10,"minecraft:fall_one_cm":158651},"minecraft:dropped":{"minecraft:bread":35,"minecraft:water_bucket":1,"minecraft:gold_ore":9,"minecraft:iron_sword":1,"minecraft:wheat_seeds":9,"minecraft:lapis_lazuli":60,"minecraft:crafting_table":1,"minecraft:crossbow":1,"minecraft:dark_oak_slab":1,"minecraft:feather":1,"minecraft:cobblestone":68,"minecraft:book":1,"minecraft:granite":10,"minecraft:stick":6,"minecraft:dirt":56,"minecraft:diorite":5,"minecraft:mutton":1,"minecraft:iron_leggings":4,"minecraft:white_banner":8,"minecraft:iron_axe":1,"minecraft:chipped_anvil":1,"minecraft:iron_pickaxe":2,"minecraft:paper":1,"minecraft:dark_oak_planks":2,"minecraft:white_wool":19,"minecraft:birch_log":6,"minecraft:dandelion":1,"minecraft:redstone":31,"minecraft:bone":40,"minecraft:white_tulip":14,"minecraft:kelp":13,"minecraft:sugar_cane":1,"minecraft:iron_nugget":18,"minecraft:obsidian":9,"minecraft:rotten_flesh":14,"minecraft:oak_planks":14,"minecraft:iron_boots":1,"minecraft:carrot":5,"minecraft:poppy":4,"minecraft:spruce_planks":2,"minecraft:diamond_pickaxe":4,"minecraft:iron_chestplate":4,"minecraft:andesite":5,"minecraft:spider_eye":5,"minecraft:beef":13,"minecraft:bow":3,"minecraft:stone_pickaxe":1,"minecraft:oak_leaves":130,"minecraft:black_wool":2}},"DataVersion":2586}