{"stats":{"minecraft:crafted":{"minecraft:oak_planks":204,"minecraft:cobblestone_slab":30,"minecraft:oak_sign":9,"minecraft:cooked_chicken":10,"minecraft:diamond_shovel":1,"minecraft:bookshelf":13,"minecraft:cooked_mutton":22,"minecraft:hopper":7,"minecraft:diamond_helmet":2,"minecraft:diamond_leggings":1,"minecraft:iron_boots":3,"minecraft:chest":24,"minecraft:cooked_porkchop":6,"minecraft:crafting_table":4,"minecraft:wooden_pickaxe":2,"minecraft:iron_helmet":2,"minecraft:iron_chestplate":3,"minecraft:book":37,"minecraft:paper":99,"minecraft:diamond_pickaxe":5,"minecraft:charcoal":17,"minecraft:shield":1,"minecraft:stick":340,"minecraft:light_blue_dye":8,"minecraft:iron_ingot":159,"minecraft:iron_pickaxe":1,"minecraft:iron_block":3,"minecraft:stone_sword":1,"minecraft:gold_ingot":24,"minecraft:shears":1,"minecraft:oak_door":6,"minecraft:stone_shovel":2,"minecraft:furnace":1,"minecraft:white_carpet":6,"minecraft:iron_axe":2,"minecraft:ladder":81,"minecraft:stone_pickaxe":1,"minecraft:cobblestone_wall":6,"minecraft:diamond_boots":3,"minecraft:dark_oak_planks":376,"minecraft:wheat":292,"minecraft:cooked_beef":50,"minecraft:diamond_sword":2,"minecraft:enchanting_table":1,"minecraft:iron_sword":6,"minecraft:light_blue_wool":6,"minecraft:golden_shovel":4,"minecraft:bucket":1,"minecraft:bread":99,"minecraft:air":0,"minecraft:light_blue_carpet":9,"minecraft:oak_boat":1,"minecraft:white_wool":1,"minecraft:iron_shovel":3,"minecraft:iron_leggings":4,"minecraft:anvil":1,"minecraft:white_bed":1,"minecraft:torch":72,"minecraft:diamond_chestplate":1},"minecraft:killed_by":{"minecraft:zombie":3,"minecraft:player":11,"minecraft:skeleton":1},"minecraft:used":{"minecraft:iron_shovel":392,"minecraft:ladder":75,"minecraft:poppy":1,"minecraft:oak_sign":23,"minecraft:chest":11,"minecraft:shield":153,"minecraft:iron_sword":443,"minecraft:zombie_spawn_egg":3,"minecraft:rotten_flesh":4,"minecraft:snowball":18,"minecraft:obsidian":9,"minecraft:bow":73,"minecraft:sweet_berries":35,"minecraft:furnace":14,"minecraft:light_blue_carpet":12,"minecraft:wither_skeleton_skull":9,"minecraft:stone_pickaxe":47,"minecraft:oak_planks":18,"minecraft:wooden_pickaxe":28,"minecraft:sugar_cane":8,"minecraft:oak_leaves":96,"minecraft:golden_apple":18,"minecraft:sand":2,"minecraft:crossbow":1,"minecraft:shears":238,"minecraft:bread":64,"minecraft:diamond_sword":231,"minecraft:oak_boat":3,"minecraft:enchanting_table":2,"minecraft:stone_sword":8,"minecraft:stone_shovel":275,"minecraft:cooked_chicken":10,"minecraft:oak_door":10,"minecraft:torch":107,"minecraft:brewing_stand":1,"minecraft:dirt":781,"minecraft:anvil":1,"minecraft:hopper":15,"minecraft:golden_shovel":136,"minecraft:chipped_anvil":1,"minecraft:bookshelf":13,"minecraft:iron_axe":426,"minecraft:spawner":4,"minecraft:cooked_beef":35,"minecraft:cooked_mutton":11,"minecraft:water_bucket":75,"minecraft:cobblestone_slab":29,"minecraft:crafting_table":16,"minecraft:white_bed":2,"minecraft:smoker":1,"minecraft:diamond_pickaxe":2324,"minecraft:apple":1,"minecraft:oxeye_daisy":1,"minecraft:diamond_shovel":18,"minecraft:iron_pickaxe":237,"minecraft:cobblestone":1304,"minecraft:cooked_porkchop":6,"minecraft:bucket":76},"minecraft:picked_up":{"minecraft:iron_chestplate":5,"minecraft:wheat":5,"minecraft:diamond_sword":2,"minecraft:brewing_stand":1,"minecraft:string":55,"minecraft:smooth_stone_slab":14,"minecraft:iron_leggings":5,"minecraft:oak_sign":17,"minecraft:diamond_leggings":2,"minecraft:bucket":1,"minecraft:spruce_planks":4,"minecraft:white_tulip":14,"minecraft:cobblestone_slab":4,"minecraft:iron_pickaxe":2,"minecraft:enchanted_golden_apple":1,"minecraft:iron_boots":4,"minecraft:furnace":12,"minecraft:tipped_arrow":1,"minecraft:stick":10,"minecraft:torch":27,"minecraft:porkchop":6,"minecraft:diorite":97,"minecraft:warped_button":2,"minecraft:zombie_spawn_egg":4,"minecraft:rotten_flesh":70,"minecraft:obsidian":31,"minecraft:snowball":177,"minecraft:cobblestone":2221,"minecraft:birch_log":30,"minecraft:enchanting_table":2,"minecraft:feather":1,"minecraft:cooked_beef":41,"minecraft:water_bucket":4,"minecraft:andesite":79,"minecraft:brown_wool":1,"minecraft:smoker":1,"minecraft:flint":3,"minecraft:wither_skeleton_skull":9,"minecraft:netherite_leggings":4,"minecraft:lapis_lazuli":387,"minecraft:dirt":1340,"minecraft:bone":926,"minecraft:chipped_anvil":3,"minecraft:bow":11,"minecraft:wheat_seeds":31,"minecraft:diamond_helmet":2,"minecraft:oak_planks":159,"minecraft:sand":31,"minecraft:ink_sac":1,"minecraft:dark_oak_log":94,"minecraft:sugar":2,"minecraft:diamond":185,"minecraft:netherite_helmet":4,"minecraft:crossbow":1,"minecraft:granite":62,"minecraft:golden_apple":64,"minecraft:emerald":7,"minecraft:bread":1,"minecraft:oak_sapling":2,"minecraft:oak_leaves":319,"minecraft:nether_star":2,"minecraft:diamond_pickaxe":6,"minecraft:lingering_potion":8,"minecraft:spruce_leaves":141,"minecraft:charcoal":2,"minecraft:crafting_table":15,"minecraft:splash_potion":3,"minecraft:chicken":10,"minecraft:ladder":3,"minecraft:wooden_pickaxe":1,"minecraft:shield":5,"minecraft:iron_axe":4,"minecraft:blue_orchid":8,"minecraft:beef":79,"minecraft:oak_boat":3,"minecraft:iron_nugget":18,"minecraft:poppy":5,"minecraft:sugar_cane":121,"minecraft:chest":2,"minecraft:dark_oak_sapling":5,"minecraft:oak_door":4,"minecraft:carrot":6,"minecraft:redstone":390,"minecraft:dark_oak_planks":2,"minecraft:arrow":90,"minecraft:diamond_chestplate":4,"minecraft:shears":1,"minecraft:diamond_boots":4,"minecraft:hay_block":38,"minecraft:totem_of_undying":5,"minecraft:mutton":42,"minecraft:white_wool":52,"minecraft:oxeye_daisy":1,"minecraft:netherite_boots":4,"minecraft:birch_leaves":1,"minecraft:leather":40,"minecraft:filled_map":1,"minecraft:oak_log":56,"minecraft:gunpowder":8,"minecraft:paper":3,"minecraft:white_banner":16,"minecraft:spawner":4,"minecraft:cooked_mutton":16,"minecraft:apple":1,"minecraft:kelp":13,"minecraft:iron_ingot":24,"minecraft:stone_pickaxe":2,"minecraft:iron_ore":133,"minecraft:soul_sand":2,"minecraft:iron_sword":1,"minecraft:dark_oak_stairs":3,"minecraft:book":24,"minecraft:dark_oak_slab":1,"minecraft:sweet_berries":40,"minecraft:dandelion":2,"minecraft:gravel":11,"minecraft:spruce_sapling":7,"minecraft:white_bed":2,"minecraft:spruce_log":1,"minecraft:gold_ore":41,"minecraft:spider_eye":10,"minecraft:light_blue_carpet":5,"minecraft:iron_helmet":2,"minecraft:black_wool":2,"minecraft:coal":214,"minecraft:hopper":8},"minecraft:broken":{"minecraft:iron_shovel":1,"minecraft:shears":1,"minecraft:iron_boots":1,"minecraft:golden_shovel":4,"minecraft:iron_sword":1,"minecraft:stone_shovel":1,"minecraft:netherite_leggings":1,"minecraft:diamond_chestplate":1,"minecraft:netherite_helmet":1,"minecraft:shield":2,"minecraft:iron_axe":2,"minecraft:iron_helmet":1,"minecraft:netherite_boots":1},"minecraft:mined":{"minecraft:dark_oak_planks":2,"minecraft:spruce_planks":2,"minecraft:white_bed":1,"minecraft:brewing_stand":1,"minecraft:light_blue_carpet":6,"minecraft:obsidian":7,"minecraft:granite":86,"minecraft:grass_block":422,"minecraft:hopper":8,"minecraft:oak_wall_sign":16,"minecraft:oxeye_daisy":2,"minecraft:tall_seagrass":1,"minecraft:iron_ore":107,"minecraft:dark_oak_stairs":3,"minecraft:enchanting_table":1,"minecraft:oak_sign":1,"minecraft:blue_orchid":8,"minecraft:spruce_slab":1,"minecraft:kelp_plant":13,"minecraft:smoker":1,"minecraft:torch":1,"minecraft:poppy":2,"minecraft:chest":2,"minecraft:cobblestone":287,"minecraft:sugar_cane":64,"minecraft:wall_torch":17,"minecraft:seagrass":1,"minecraft:dark_oak_slab":1,"minecraft:birch_log":30,"minecraft:smooth_stone_slab":6,"minecraft:grass":133,"minecraft:oak_log":56,"minecraft:sand":5,"minecraft:dirt":459,"minecraft:wither_skeleton_skull":7,"minecraft:oak_leaves":209,"minecraft:diamond_ore":79,"minecraft:dark_oak_leaves":120,"minecraft:oak_door":4,"minecraft:dark_oak_log":90,"minecraft:ladder":3,"minecraft:spruce_leaves":64,"minecraft:kelp":5,"minecraft:large_fern":2,"minecraft:hay_block":34,"minecraft:redstone_ore":62,"minecraft:furnace":10,"minecraft:andesite":88,"minecraft:peony":1,"minecraft:bookshelf":2,"minecraft:cobblestone_slab":4,"minecraft:stone":1543,"minecraft:soul_sand":2,"minecraft:dandelion":2,"minecraft:crafting_table":15,"minecraft:tall_grass":42,"minecraft:lapis_ore":48,"minecraft:diorite":99,"minecraft:sweet_berry_bush":19,"minecraft:ice":1,"minecraft:spruce_log":1,"minecraft:birch_leaves":15,"minecraft:coal_ore":77,"minecraft:gravel":15,"minecraft:chipped_anvil":1,"minecraft:gold_ore":15,"minecraft:fern":1},"minecraft:killed":{"minecraft:witch":1,"minecraft:spider":42,"minecraft:wither":2,"minecraft:skeleton":33,"minecraft:chicken":11,"minecraft:pig":4,"minecraft:iron_golem":5,"minecraft:creeper":16,"minecraft:sheep":24,"minecraft:pillager":36,"minecraft:zombie":342,"minecraft:stray":3,"minecraft:cow":37},"minecraft:custom":{"minecraft:interact_with_crafting_table":116,"minecraft:leave_game":10,"minecraft:time_since_death":429,"minecraft:sprint_one_cm":1451369,"minecraft:damage_blocked_by_shield":7430,"minecraft:drop":137,"minecraft:talked_to_villager":7,"minecraft:deaths":21,"minecraft:jump":10195,"minecraft:interact_with_brewingstand":3,"minecraft:walk_on_water_one_cm":205231,"minecraft:enchant_item":31,"minecraft:interact_with_furnace":130,"minecraft:play_one_minute":475395,"minecraft:sleep_in_bed":2,"minecraft:damage_dealt":57263,"minecraft:player_kills":9,"minecraft:crouch_one_cm":181797,"minecraft:interact_with_smoker":12,"minecraft:mob_kills":558,"minecraft:interact_with_anvil":16,"minecraft:inspect_hopper":51,"minecraft:climb_one_cm":65120,"minecraft:walk_one_cm":586184,"minecraft:sneak_time":44554,"minecraft:walk_under_water_one_cm":24020,"minecraft:boat_one_cm":213005,"minecraft:time_since_rest":460,"minecraft:damage_taken":42049632,"minecraft:damage_absorbed":573,"minecraft:swim_one_cm":232783,"minecraft:fly_one_cm":1948604,"minecraft:open_chest":203,"minecraft:fall_one_cm":617207},"minecraft:dropped":{"minecraft:gold_ore":9,"minecraft:iron_sword":1,"minecraft:soul_sand":2,"minecraft:lapis_lazuli":64,"minecraft:crafting_table":1,"minecraft:dark_oak_slab":1,"minecraft:crossbow":1,"minecraft:dirt":56,"minecraft:mutton":1,"minecraft:netherite_boots":1,"minecraft:snowball":16,"minecraft:iron_pickaxe":2,"minecraft:dark_oak_planks":2,"minecraft:birch_log":6,"minecraft:white_wool":19,"minecraft:bone":561,"minecraft:white_tulip":14,"minecraft:sugar_cane":1,"minecraft:iron_nugget":18,"minecraft:obsidian":9,"minecraft:rotten_flesh":16,"minecraft:oak_planks":14,"minecraft:carrot":5,"minecraft:poppy":4,"minecraft:tipped_arrow":1,"minecraft:beef":13,"minecraft:oak_leaves":130,"minecraft:water_bucket":1,"minecraft:bread":36,"minecraft:wheat_seeds":12,"minecraft:netherite_helmet":1,"minecraft:feather":1,"minecraft:cobblestone":145,"minecraft:book":1,"minecraft:granite":10,"minecraft:stick":6,"minecraft:diorite":20,"minecraft:diamond_helmet":1,"minecraft:iron_leggings":4,"minecraft:white_banner":8,"minecraft:iron_axe":1,"minecraft:chipped_anvil":1,"minecraft:paper":1,"minecraft:dandelion":1,"minecraft:redstone":31,"minecraft:kelp":13,"minecraft:iron_boots":1,"minecraft:netherite_leggings":1,"minecraft:spruce_planks":2,"minecraft:iron_chestplate":5,"minecraft:diamond_pickaxe":4,"minecraft:andesite":41,"minecraft:spider_eye":6,"minecraft:diamond_boots":1,"minecraft:bow":3,"minecraft:stone_pickaxe":1,"minecraft:black_wool":2}},"DataVersion":2586}