{"stats":{"minecraft:used":{"minecraft:sand":38},"minecraft:killed_by":{"minecraft:spider":1},"minecraft:dropped":{"minecraft:rotten_flesh":1,"minecraft:stick":1},"minecraft:killed":{"minecraft:zombie":1},"minecraft:custom":{"minecraft:time_since_rest":4448,"minecraft:crouch_one_cm":2700,"minecraft:sprint_one_cm":23429,"minecraft:play_time":14326,"minecraft:walk_one_cm":8629,"minecraft:damage_taken":250,"minecraft:deaths":1,"minecraft:sneak_time":772,"minecraft:mob_kills":1,"minecraft:drop":2,"minecraft:jump":217,"minecraft:damage_dealt":272,"minecraft:leave_game":3,"minecraft:time_since_death":4392,"minecraft:total_world_time":14326,"minecraft:fall_one_cm":5643,"minecraft:fly_one_cm":42449},"minecraft:mined":{"minecraft:dead_bush":2,"minecraft:sand":30},"minecraft:picked_up":{"minecraft:stick":2,"minecraft:rotten_flesh":1,"minecraft:sand":38,"minecraft:cobblestone":5}},"DataVersion":3578}